/*M!999999\- enable the sandbox mode */ 
-- MariaDB dump 10.19-11.7.2-MariaDB, for Win64 (AMD64)
--
-- Host: localhost    Database: nameless
-- ------------------------------------------------------
-- Server version	10.11.11-MariaDB-ubu2204

/*!40101 SET @OLD_CHARACTER_SET_CLIENT=@@CHARACTER_SET_CLIENT */;
/*!40101 SET @OLD_CHARACTER_SET_RESULTS=@@CHARACTER_SET_RESULTS */;
/*!40101 SET @OLD_COLLATION_CONNECTION=@@COLLATION_CONNECTION */;
/*!40101 SET NAMES utf8mb4 */;
/*!40103 SET @OLD_TIME_ZONE=@@TIME_ZONE */;
/*!40103 SET TIME_ZONE='+00:00' */;
/*!40014 SET @OLD_UNIQUE_CHECKS=@@UNIQUE_CHECKS, UNIQUE_CHECKS=0 */;
/*!40014 SET @OLD_FOREIGN_KEY_CHECKS=@@FOREIGN_KEY_CHECKS, FOREIGN_KEY_CHECKS=0 */;
/*!40101 SET @OLD_SQL_MODE=@@SQL_MODE, SQL_MODE='NO_AUTO_VALUE_ON_ZERO' */;
/*M!100616 SET @OLD_NOTE_VERBOSITY=@@NOTE_VERBOSITY, NOTE_VERBOSITY=0 */;

--
-- Table structure for table `nl2_alerts`
--

DROP TABLE IF EXISTS `nl2_alerts`;
/*!40101 SET @saved_cs_client     = @@character_set_client */;
/*!40101 SET character_set_client = utf8mb4 */;
CREATE TABLE `nl2_alerts` (
  `id` int(11) NOT NULL AUTO_INCREMENT,
  `user_id` int(11) NOT NULL,
  `type` varchar(64) NOT NULL,
  `url` varchar(255) NOT NULL,
  `content_short` varchar(128) NOT NULL,
  `content` varchar(512) NOT NULL,
  `created` int(11) NOT NULL,
  `read` tinyint(1) NOT NULL DEFAULT 0,
  PRIMARY KEY (`id`),
  KEY `user_id` (`user_id`),
  CONSTRAINT `nl2_alerts_ibfk_1` FOREIGN KEY (`user_id`) REFERENCES `nl2_users` (`id`) ON DELETE CASCADE ON UPDATE CASCADE
) ENGINE=InnoDB DEFAULT CHARSET=utf8mb4 COLLATE=utf8mb4_unicode_ci;
/*!40101 SET character_set_client = @saved_cs_client */;

--
-- Dumping data for table `nl2_alerts`
--

LOCK TABLES `nl2_alerts` WRITE;
/*!40000 ALTER TABLE `nl2_alerts` DISABLE KEYS */;
/*!40000 ALTER TABLE `nl2_alerts` ENABLE KEYS */;
UNLOCK TABLES;

--
-- Table structure for table `nl2_blocked_users`
--

DROP TABLE IF EXISTS `nl2_blocked_users`;
/*!40101 SET @saved_cs_client     = @@character_set_client */;
/*!40101 SET character_set_client = utf8mb4 */;
CREATE TABLE `nl2_blocked_users` (
  `user_id` int(11) NOT NULL,
  `user_blocked_id` int(11) NOT NULL,
  PRIMARY KEY (`user_id`,`user_blocked_id`),
  UNIQUE KEY `user_id` (`user_id`,`user_blocked_id`),
  KEY `user_blocked_id` (`user_blocked_id`),
  CONSTRAINT `nl2_blocked_users_ibfk_1` FOREIGN KEY (`user_id`) REFERENCES `nl2_users` (`id`) ON DELETE CASCADE ON UPDATE CASCADE,
  CONSTRAINT `nl2_blocked_users_ibfk_2` FOREIGN KEY (`user_blocked_id`) REFERENCES `nl2_users` (`id`) ON DELETE CASCADE ON UPDATE CASCADE
) ENGINE=InnoDB DEFAULT CHARSET=utf8mb4 COLLATE=utf8mb4_unicode_ci;
/*!40101 SET character_set_client = @saved_cs_client */;

--
-- Dumping data for table `nl2_blocked_users`
--

LOCK TABLES `nl2_blocked_users` WRITE;
/*!40000 ALTER TABLE `nl2_blocked_users` DISABLE KEYS */;
/*!40000 ALTER TABLE `nl2_blocked_users` ENABLE KEYS */;
UNLOCK TABLES;

--
-- Table structure for table `nl2_custom_announcements`
--

DROP TABLE IF EXISTS `nl2_custom_announcements`;
/*!40101 SET @saved_cs_client     = @@character_set_client */;
/*!40101 SET character_set_client = utf8mb4 */;
CREATE TABLE `nl2_custom_announcements` (
  `id` int(11) NOT NULL AUTO_INCREMENT,
  `pages` text NOT NULL,
  `groups` text NOT NULL,
  `order` int(11) NOT NULL,
  `text_colour` varchar(7) NOT NULL,
  `background_colour` varchar(7) NOT NULL,
  `icon` varchar(64) NOT NULL,
  `closable` tinyint(1) NOT NULL DEFAULT 0,
  `header` varchar(64) NOT NULL,
  `message` text NOT NULL,
  PRIMARY KEY (`id`)
) ENGINE=InnoDB DEFAULT CHARSET=utf8mb4 COLLATE=utf8mb4_unicode_ci;
/*!40101 SET character_set_client = @saved_cs_client */;

--
-- Dumping data for table `nl2_custom_announcements`
--

LOCK TABLES `nl2_custom_announcements` WRITE;
/*!40000 ALTER TABLE `nl2_custom_announcements` DISABLE KEYS */;
/*!40000 ALTER TABLE `nl2_custom_announcements` ENABLE KEYS */;
UNLOCK TABLES;

--
-- Table structure for table `nl2_custom_pages`
--

DROP TABLE IF EXISTS `nl2_custom_pages`;
/*!40101 SET @saved_cs_client     = @@character_set_client */;
/*!40101 SET character_set_client = utf8mb4 */;
CREATE TABLE `nl2_custom_pages` (
  `id` int(11) NOT NULL AUTO_INCREMENT,
  `url` varchar(255) NOT NULL,
  `title` varchar(255) NOT NULL,
  `content` mediumtext NOT NULL,
  `link_location` int(1) NOT NULL DEFAULT 1,
  `redirect` tinyint(1) NOT NULL DEFAULT 0,
  `link` varchar(512) DEFAULT NULL,
  `target` tinyint(1) NOT NULL DEFAULT 0,
  `icon` varchar(64) DEFAULT NULL,
  `all_html` tinyint(1) NOT NULL DEFAULT 0,
  `sitemap` tinyint(1) NOT NULL DEFAULT 0,
  `basic` tinyint(1) NOT NULL DEFAULT 0,
  PRIMARY KEY (`id`)
) ENGINE=InnoDB DEFAULT CHARSET=utf8mb4 COLLATE=utf8mb4_unicode_ci;
/*!40101 SET character_set_client = @saved_cs_client */;

--
-- Dumping data for table `nl2_custom_pages`
--

LOCK TABLES `nl2_custom_pages` WRITE;
/*!40000 ALTER TABLE `nl2_custom_pages` DISABLE KEYS */;
/*!40000 ALTER TABLE `nl2_custom_pages` ENABLE KEYS */;
UNLOCK TABLES;

--
-- Table structure for table `nl2_custom_pages_permissions`
--

DROP TABLE IF EXISTS `nl2_custom_pages_permissions`;
/*!40101 SET @saved_cs_client     = @@character_set_client */;
/*!40101 SET character_set_client = utf8mb4 */;
CREATE TABLE `nl2_custom_pages_permissions` (
  `id` int(11) NOT NULL AUTO_INCREMENT,
  `page_id` int(11) NOT NULL,
  `group_id` int(11) NOT NULL,
  `view` tinyint(1) NOT NULL DEFAULT 0,
  PRIMARY KEY (`id`),
  UNIQUE KEY `page_id` (`page_id`,`group_id`),
  CONSTRAINT `nl2_custom_pages_permissions_ibfk_1` FOREIGN KEY (`page_id`) REFERENCES `nl2_custom_pages` (`id`) ON DELETE CASCADE ON UPDATE CASCADE
) ENGINE=InnoDB DEFAULT CHARSET=utf8mb4 COLLATE=utf8mb4_unicode_ci;
/*!40101 SET character_set_client = @saved_cs_client */;

--
-- Dumping data for table `nl2_custom_pages_permissions`
--

LOCK TABLES `nl2_custom_pages_permissions` WRITE;
/*!40000 ALTER TABLE `nl2_custom_pages_permissions` DISABLE KEYS */;
/*!40000 ALTER TABLE `nl2_custom_pages_permissions` ENABLE KEYS */;
UNLOCK TABLES;

--
-- Table structure for table `nl2_email_errors`
--

DROP TABLE IF EXISTS `nl2_email_errors`;
/*!40101 SET @saved_cs_client     = @@character_set_client */;
/*!40101 SET character_set_client = utf8mb4 */;
CREATE TABLE `nl2_email_errors` (
  `id` int(11) NOT NULL AUTO_INCREMENT,
  `type` int(1) NOT NULL,
  `content` text NOT NULL,
  `at` int(11) NOT NULL,
  `user_id` int(11) DEFAULT NULL,
  PRIMARY KEY (`id`),
  KEY `user_id` (`user_id`),
  CONSTRAINT `nl2_email_errors_ibfk_1` FOREIGN KEY (`user_id`) REFERENCES `nl2_users` (`id`) ON DELETE SET NULL ON UPDATE NO ACTION
) ENGINE=InnoDB DEFAULT CHARSET=utf8mb4 COLLATE=utf8mb4_unicode_ci;
/*!40101 SET character_set_client = @saved_cs_client */;

--
-- Dumping data for table `nl2_email_errors`
--

LOCK TABLES `nl2_email_errors` WRITE;
/*!40000 ALTER TABLE `nl2_email_errors` DISABLE KEYS */;
/*!40000 ALTER TABLE `nl2_email_errors` ENABLE KEYS */;
UNLOCK TABLES;

--
-- Table structure for table `nl2_forums`
--

DROP TABLE IF EXISTS `nl2_forums`;
/*!40101 SET @saved_cs_client     = @@character_set_client */;
/*!40101 SET character_set_client = utf8mb4 */;
CREATE TABLE `nl2_forums` (
  `id` int(11) NOT NULL AUTO_INCREMENT,
  `forum_title` varchar(150) NOT NULL,
  `forum_description` varchar(255) DEFAULT NULL,
  `last_post_date` int(11) DEFAULT NULL,
  `last_user_posted` int(11) DEFAULT NULL,
  `last_topic_posted` int(11) DEFAULT NULL,
  `parent` int(11) NOT NULL DEFAULT 0,
  `forum_order` int(11) NOT NULL,
  `news` tinyint(1) NOT NULL DEFAULT 0,
  `forum_type` varchar(255) NOT NULL DEFAULT 'forum',
  `redirect_forum` tinyint(1) NOT NULL DEFAULT 0,
  `redirect_url` varchar(255) DEFAULT NULL,
  `icon` varchar(255) DEFAULT NULL,
  `topic_placeholder` text DEFAULT NULL,
  `hooks` text DEFAULT NULL,
  `default_labels` text DEFAULT NULL,
  PRIMARY KEY (`id`),
  KEY `last_user_posted` (`last_user_posted`),
  KEY `last_topic_posted` (`last_topic_posted`),
  CONSTRAINT `nl2_forums_ibfk_1` FOREIGN KEY (`last_user_posted`) REFERENCES `nl2_users` (`id`) ON DELETE SET NULL ON UPDATE NO ACTION,
  CONSTRAINT `nl2_forums_ibfk_2` FOREIGN KEY (`last_topic_posted`) REFERENCES `nl2_topics` (`id`) ON DELETE SET NULL ON UPDATE NO ACTION
) ENGINE=InnoDB AUTO_INCREMENT=3 DEFAULT CHARSET=utf8mb4 COLLATE=utf8mb4_unicode_ci;
/*!40101 SET character_set_client = @saved_cs_client */;

--
-- Dumping data for table `nl2_forums`
--

LOCK TABLES `nl2_forums` WRITE;
/*!40000 ALTER TABLE `nl2_forums` DISABLE KEYS */;
INSERT INTO `nl2_forums` VALUES
(1,'Category','The first forum category!',NULL,NULL,NULL,0,1,0,'category',0,NULL,NULL,NULL,NULL,NULL),
(2,'Forum','The first discussion forum!',1745685924,1,4,1,2,1,'forum',0,NULL,NULL,NULL,NULL,NULL);
/*!40000 ALTER TABLE `nl2_forums` ENABLE KEYS */;
UNLOCK TABLES;

--
-- Table structure for table `nl2_forums_labels`
--

DROP TABLE IF EXISTS `nl2_forums_labels`;
/*!40101 SET @saved_cs_client     = @@character_set_client */;
/*!40101 SET character_set_client = utf8mb4 */;
CREATE TABLE `nl2_forums_labels` (
  `id` int(11) NOT NULL AUTO_INCREMENT,
  `name` varchar(32) NOT NULL,
  `html` varchar(1024) NOT NULL,
  PRIMARY KEY (`id`)
) ENGINE=InnoDB AUTO_INCREMENT=7 DEFAULT CHARSET=utf8mb4 COLLATE=utf8mb4_unicode_ci;
/*!40101 SET character_set_client = @saved_cs_client */;

--
-- Dumping data for table `nl2_forums_labels`
--

LOCK TABLES `nl2_forums_labels` WRITE;
/*!40000 ALTER TABLE `nl2_forums_labels` DISABLE KEYS */;
INSERT INTO `nl2_forums_labels` VALUES
(1,'Default','<span class=\"badge badge-default\">{x}</span>'),
(2,'Primary','<span class=\"badge badge-primary\">{x}</span>'),
(3,'Success','<span class=\"badge badge-success\">{x}</span>'),
(4,'Info','<span class=\"badge badge-info\">{x}</span>'),
(5,'Warning','<span class=\"badge badge-warning\">{x}</span>'),
(6,'Danger','<span class=\"badge badge-danger\">{x}</span>');
/*!40000 ALTER TABLE `nl2_forums_labels` ENABLE KEYS */;
UNLOCK TABLES;

--
-- Table structure for table `nl2_forums_permissions`
--

DROP TABLE IF EXISTS `nl2_forums_permissions`;
/*!40101 SET @saved_cs_client     = @@character_set_client */;
/*!40101 SET character_set_client = utf8mb4 */;
CREATE TABLE `nl2_forums_permissions` (
  `id` int(11) NOT NULL AUTO_INCREMENT,
  `group_id` int(11) NOT NULL,
  `forum_id` int(11) NOT NULL,
  `view` tinyint(1) NOT NULL DEFAULT 0,
  `create_topic` tinyint(1) NOT NULL DEFAULT 0,
  `edit_topic` tinyint(1) NOT NULL DEFAULT 0,
  `create_post` tinyint(1) NOT NULL DEFAULT 0,
  `view_other_topics` tinyint(1) NOT NULL DEFAULT 0,
  `moderate` tinyint(1) NOT NULL DEFAULT 0,
  PRIMARY KEY (`id`),
  KEY `forum_id` (`forum_id`),
  CONSTRAINT `nl2_forums_permissions_ibfk_1` FOREIGN KEY (`forum_id`) REFERENCES `nl2_forums` (`id`) ON DELETE CASCADE ON UPDATE CASCADE
) ENGINE=InnoDB AUTO_INCREMENT=9 DEFAULT CHARSET=utf8mb4 COLLATE=utf8mb4_unicode_ci;
/*!40101 SET character_set_client = @saved_cs_client */;

--
-- Dumping data for table `nl2_forums_permissions`
--

LOCK TABLES `nl2_forums_permissions` WRITE;
/*!40000 ALTER TABLE `nl2_forums_permissions` DISABLE KEYS */;
INSERT INTO `nl2_forums_permissions` VALUES
(1,0,1,1,0,0,0,1,0),
(2,0,2,1,0,0,0,1,0),
(3,1,1,1,1,1,1,1,0),
(4,1,2,1,1,1,1,1,0),
(5,2,1,1,1,1,1,1,1),
(6,2,2,1,1,1,1,1,1),
(7,3,1,1,1,1,1,1,1),
(8,3,2,1,1,1,1,1,1);
/*!40000 ALTER TABLE `nl2_forums_permissions` ENABLE KEYS */;
UNLOCK TABLES;

--
-- Table structure for table `nl2_forums_reactions`
--

DROP TABLE IF EXISTS `nl2_forums_reactions`;
/*!40101 SET @saved_cs_client     = @@character_set_client */;
/*!40101 SET character_set_client = utf8mb4 */;
CREATE TABLE `nl2_forums_reactions` (
  `id` int(11) NOT NULL AUTO_INCREMENT,
  `post_id` int(11) NOT NULL,
  `user_received` int(11) NOT NULL,
  `user_given` int(11) NOT NULL,
  `reaction_id` int(11) NOT NULL,
  `time` int(11) NOT NULL,
  PRIMARY KEY (`id`),
  KEY `post_id` (`post_id`),
  KEY `user_received` (`user_received`),
  KEY `user_given` (`user_given`),
  KEY `reaction_id` (`reaction_id`),
  CONSTRAINT `nl2_forums_reactions_ibfk_1` FOREIGN KEY (`post_id`) REFERENCES `nl2_posts` (`id`) ON DELETE CASCADE ON UPDATE CASCADE,
  CONSTRAINT `nl2_forums_reactions_ibfk_2` FOREIGN KEY (`user_received`) REFERENCES `nl2_users` (`id`) ON DELETE CASCADE ON UPDATE CASCADE,
  CONSTRAINT `nl2_forums_reactions_ibfk_3` FOREIGN KEY (`user_given`) REFERENCES `nl2_users` (`id`) ON DELETE CASCADE ON UPDATE CASCADE,
  CONSTRAINT `nl2_forums_reactions_ibfk_4` FOREIGN KEY (`reaction_id`) REFERENCES `nl2_reactions` (`id`) ON DELETE CASCADE ON UPDATE CASCADE
) ENGINE=InnoDB DEFAULT CHARSET=utf8mb4 COLLATE=utf8mb4_unicode_ci;
/*!40101 SET character_set_client = @saved_cs_client */;

--
-- Dumping data for table `nl2_forums_reactions`
--

LOCK TABLES `nl2_forums_reactions` WRITE;
/*!40000 ALTER TABLE `nl2_forums_reactions` DISABLE KEYS */;
/*!40000 ALTER TABLE `nl2_forums_reactions` ENABLE KEYS */;
UNLOCK TABLES;

--
-- Table structure for table `nl2_forums_topic_labels`
--

DROP TABLE IF EXISTS `nl2_forums_topic_labels`;
/*!40101 SET @saved_cs_client     = @@character_set_client */;
/*!40101 SET character_set_client = utf8mb4 */;
CREATE TABLE `nl2_forums_topic_labels` (
  `id` int(11) NOT NULL AUTO_INCREMENT,
  `fids` varchar(128) NOT NULL,
  `name` varchar(32) NOT NULL,
  `label` varchar(20) NOT NULL,
  `gids` varchar(256) DEFAULT NULL,
  PRIMARY KEY (`id`)
) ENGINE=InnoDB DEFAULT CHARSET=utf8mb4 COLLATE=utf8mb4_unicode_ci;
/*!40101 SET character_set_client = @saved_cs_client */;

--
-- Dumping data for table `nl2_forums_topic_labels`
--

LOCK TABLES `nl2_forums_topic_labels` WRITE;
/*!40000 ALTER TABLE `nl2_forums_topic_labels` DISABLE KEYS */;
/*!40000 ALTER TABLE `nl2_forums_topic_labels` ENABLE KEYS */;
UNLOCK TABLES;

--
-- Table structure for table `nl2_group_sync`
--

DROP TABLE IF EXISTS `nl2_group_sync`;
/*!40101 SET @saved_cs_client     = @@character_set_client */;
/*!40101 SET character_set_client = utf8mb4 */;
CREATE TABLE `nl2_group_sync` (
  `id` int(11) NOT NULL AUTO_INCREMENT,
  `website_group_id` int(11) NOT NULL,
  `discord_role_id` bigint(20) DEFAULT NULL,
  `ingame_rank_name` varchar(64) DEFAULT NULL,
  PRIMARY KEY (`id`),
  KEY `website_group_id` (`website_group_id`),
  CONSTRAINT `nl2_group_sync_ibfk_1` FOREIGN KEY (`website_group_id`) REFERENCES `nl2_groups` (`id`) ON DELETE CASCADE ON UPDATE CASCADE
) ENGINE=InnoDB DEFAULT CHARSET=utf8mb4 COLLATE=utf8mb4_unicode_ci;
/*!40101 SET character_set_client = @saved_cs_client */;

--
-- Dumping data for table `nl2_group_sync`
--

LOCK TABLES `nl2_group_sync` WRITE;
/*!40000 ALTER TABLE `nl2_group_sync` DISABLE KEYS */;
/*!40000 ALTER TABLE `nl2_group_sync` ENABLE KEYS */;
UNLOCK TABLES;

--
-- Table structure for table `nl2_groups`
--

DROP TABLE IF EXISTS `nl2_groups`;
/*!40101 SET @saved_cs_client     = @@character_set_client */;
/*!40101 SET character_set_client = utf8mb4 */;
CREATE TABLE `nl2_groups` (
  `id` int(11) NOT NULL AUTO_INCREMENT,
  `name` varchar(20) NOT NULL,
  `group_html` varchar(1024) NOT NULL,
  `group_username_color` varchar(256) DEFAULT NULL,
  `group_username_css` varchar(256) DEFAULT NULL,
  `admin_cp` tinyint(1) NOT NULL DEFAULT 0,
  `staff` tinyint(1) NOT NULL DEFAULT 0,
  `permissions` text NOT NULL,
  `default_group` tinyint(1) NOT NULL DEFAULT 0,
  `order` int(11) NOT NULL DEFAULT 1,
  `force_tfa` tinyint(1) NOT NULL DEFAULT 0,
  `deleted` tinyint(1) NOT NULL DEFAULT 0,
  PRIMARY KEY (`id`)
) ENGINE=InnoDB AUTO_INCREMENT=5 DEFAULT CHARSET=utf8mb4 COLLATE=utf8mb4_unicode_ci;
/*!40101 SET character_set_client = @saved_cs_client */;

--
-- Dumping data for table `nl2_groups`
--

LOCK TABLES `nl2_groups` WRITE;
/*!40000 ALTER TABLE `nl2_groups` DISABLE KEYS */;
INSERT INTO `nl2_groups` VALUES
(1,'Member','<span class=\"badge badge-success\">Member</span>',NULL,NULL,0,0,'{\"usercp.messaging\":1,\"usercp.signature\":1,\"usercp.nickname\":1,\"usercp.private_profile\":1,\"usercp.profile_banner\":1}',0,3,0,0),
(2,'Admin','<span class=\"badge badge-danger\">Admin</span>','#ff0000','',1,1,'{\"administrator\":1,\"admincp.core\":1,\"admincp.core.api\":1,\"admincp.core.seo\":1,\"admincp.core.general\":1,\"admincp.core.avatars\":1,\"admincp.core.fields\":1,\"admincp.core.debugging\":1,\"admincp.core.emails\":1,\"admincp.core.queue\":1,\"admincp.core.navigation\":1,\"admincp.core.announcements\":1,\"admincp.core.reactions\":1,\"admincp.core.registration\":1,\"admincp.core.social_media\":1,\"admincp.core.terms\":1,\"admincp.errors\":1,\"admincp.core.placeholders\":1,\"admincp.members\":1,\"admincp.integrations\":1,\"admincp.integrations.edit\":1,\"admincp.discord\":1,\"admincp.minecraft\":1,\"admincp.minecraft.authme\":1,\"admincp.minecraft.servers\":1,\"admincp.minecraft.query_errors\":1,\"admincp.minecraft.banners\":1,\"admincp.modules\":1,\"admincp.pages\":1,\"admincp.security\":1,\"admincp.security.acp_logins\":1,\"admincp.security.template\":1,\"admincp.styles\":1,\"admincp.styles.panel_templates\":1,\"admincp.styles.templates\":1,\"admincp.styles.templates.edit\":1,\"admincp.styles.images\":1,\"admincp.update\":1,\"admincp.users\":1,\"admincp.users.edit\":1,\"admincp.groups\":1,\"admincp.groups.self\":1,\"admincp.widgets\":1,\"modcp.ip_lookup\":1,\"modcp.punishments\":1,\"modcp.punishments.warn\":1,\"modcp.punishments.ban\":1,\"modcp.punishments.banip\":1,\"modcp.punishments.revoke\":1,\"modcp.reports\":1,\"modcp.profile_banner_reset\":1,\"usercp.messaging\":1,\"usercp.signature\":1,\"admincp.forums\":1,\"usercp.private_profile\":1,\"usercp.nickname\":1,\"usercp.profile_banner\":1,\"profile.private.bypass\":1, \"admincp.security.all\":1,\"admincp.core.hooks\":1,\"admincp.security.group_sync\":1,\"admincp.core.emails_mass_message\":1,\"modcp.punishments.reset_avatar\":1,\"usercp.gif_avatar\":1}',0,1,0,0),
(3,'Moderator','<span class=\"badge badge-primary\">Moderator</span>',NULL,NULL,1,1,'{\"modcp.ip_lookup\":1,\"modcp.punishments\":1,\"modcp.punishments.warn\":1,\"modcp.punishments.ban\":1,\"modcp.punishments.banip\":1,\"modcp.punishments.revoke\":1,\"modcp.reports\":1,\"admincp.users\":1,\"modcp.profile_banner_reset\":1,\"usercp.messaging\":1,\"usercp.signature\":1,\"usercp.private_profile\":1,\"usercp.nickname\":1,\"usercp.profile_banner\":1,\"profile.private.bypass\":1}',0,2,0,0),
(4,'Unconfirmed Member','<span class=\"badge badge-secondary\">Unconfirmed Member</span>','#6c757d',NULL,0,0,'{}',1,4,0,0);
/*!40000 ALTER TABLE `nl2_groups` ENABLE KEYS */;
UNLOCK TABLES;

--
-- Table structure for table `nl2_groups_templates`
--

DROP TABLE IF EXISTS `nl2_groups_templates`;
/*!40101 SET @saved_cs_client     = @@character_set_client */;
/*!40101 SET character_set_client = utf8mb4 */;
CREATE TABLE `nl2_groups_templates` (
  `id` int(11) NOT NULL AUTO_INCREMENT,
  `group_id` int(11) NOT NULL,
  `template_id` int(11) NOT NULL,
  `can_use_template` tinyint(1) NOT NULL DEFAULT 0,
  PRIMARY KEY (`id`),
  KEY `template_id` (`template_id`),
  CONSTRAINT `nl2_groups_templates_ibfk_1` FOREIGN KEY (`template_id`) REFERENCES `nl2_templates` (`id`) ON DELETE CASCADE ON UPDATE CASCADE
) ENGINE=InnoDB DEFAULT CHARSET=utf8mb4 COLLATE=utf8mb4_unicode_ci;
/*!40101 SET character_set_client = @saved_cs_client */;

--
-- Dumping data for table `nl2_groups_templates`
--

LOCK TABLES `nl2_groups_templates` WRITE;
/*!40000 ALTER TABLE `nl2_groups_templates` DISABLE KEYS */;
/*!40000 ALTER TABLE `nl2_groups_templates` ENABLE KEYS */;
UNLOCK TABLES;

--
-- Table structure for table `nl2_hooks`
--

DROP TABLE IF EXISTS `nl2_hooks`;
/*!40101 SET @saved_cs_client     = @@character_set_client */;
/*!40101 SET character_set_client = utf8mb4 */;
CREATE TABLE `nl2_hooks` (
  `id` int(11) NOT NULL AUTO_INCREMENT,
  `name` varchar(128) NOT NULL,
  `action` int(11) NOT NULL,
  `url` varchar(2048) NOT NULL,
  `events` text NOT NULL,
  PRIMARY KEY (`id`)
) ENGINE=InnoDB DEFAULT CHARSET=utf8mb4 COLLATE=utf8mb4_unicode_ci;
/*!40101 SET character_set_client = @saved_cs_client */;

--
-- Dumping data for table `nl2_hooks`
--

LOCK TABLES `nl2_hooks` WRITE;
/*!40000 ALTER TABLE `nl2_hooks` DISABLE KEYS */;
/*!40000 ALTER TABLE `nl2_hooks` ENABLE KEYS */;
UNLOCK TABLES;

--
-- Table structure for table `nl2_infractions`
--

DROP TABLE IF EXISTS `nl2_infractions`;
/*!40101 SET @saved_cs_client     = @@character_set_client */;
/*!40101 SET character_set_client = utf8mb4 */;
CREATE TABLE `nl2_infractions` (
  `id` int(11) NOT NULL AUTO_INCREMENT,
  `type` int(11) NOT NULL,
  `punished` int(11) NOT NULL,
  `staff` int(11) NOT NULL,
  `reason` text NOT NULL,
  `infraction_date` datetime NOT NULL,
  `created` int(11) NOT NULL,
  `acknowledged` tinyint(1) NOT NULL DEFAULT 0,
  `revoked` tinyint(1) NOT NULL DEFAULT 0,
  `revoked_by` int(11) DEFAULT NULL,
  `revoked_at` int(11) DEFAULT NULL,
  PRIMARY KEY (`id`),
  KEY `punished` (`punished`),
  KEY `staff` (`staff`),
  KEY `revoked_by` (`revoked_by`),
  CONSTRAINT `nl2_infractions_ibfk_1` FOREIGN KEY (`punished`) REFERENCES `nl2_users` (`id`) ON DELETE CASCADE ON UPDATE CASCADE,
  CONSTRAINT `nl2_infractions_ibfk_2` FOREIGN KEY (`staff`) REFERENCES `nl2_users` (`id`) ON DELETE CASCADE ON UPDATE CASCADE,
  CONSTRAINT `nl2_infractions_ibfk_3` FOREIGN KEY (`revoked_by`) REFERENCES `nl2_users` (`id`) ON DELETE CASCADE ON UPDATE CASCADE
) ENGINE=InnoDB DEFAULT CHARSET=utf8mb4 COLLATE=utf8mb4_unicode_ci;
/*!40101 SET character_set_client = @saved_cs_client */;

--
-- Dumping data for table `nl2_infractions`
--

LOCK TABLES `nl2_infractions` WRITE;
/*!40000 ALTER TABLE `nl2_infractions` DISABLE KEYS */;
/*!40000 ALTER TABLE `nl2_infractions` ENABLE KEYS */;
UNLOCK TABLES;

--
-- Table structure for table `nl2_integrations`
--

DROP TABLE IF EXISTS `nl2_integrations`;
/*!40101 SET @saved_cs_client     = @@character_set_client */;
/*!40101 SET character_set_client = utf8mb4 */;
CREATE TABLE `nl2_integrations` (
  `id` int(11) NOT NULL AUTO_INCREMENT,
  `name` varchar(32) NOT NULL,
  `enabled` tinyint(1) NOT NULL DEFAULT 1,
  `can_unlink` tinyint(1) NOT NULL DEFAULT 1,
  `required` tinyint(1) NOT NULL DEFAULT 0,
  `order` int(11) NOT NULL DEFAULT 0,
  PRIMARY KEY (`id`)
) ENGINE=InnoDB AUTO_INCREMENT=3 DEFAULT CHARSET=utf8mb4 COLLATE=utf8mb4_unicode_ci;
/*!40101 SET character_set_client = @saved_cs_client */;

--
-- Dumping data for table `nl2_integrations`
--

LOCK TABLES `nl2_integrations` WRITE;
/*!40000 ALTER TABLE `nl2_integrations` DISABLE KEYS */;
INSERT INTO `nl2_integrations` VALUES
(1,'Minecraft',1,0,0,0),
(2,'Discord',1,1,0,0);
/*!40000 ALTER TABLE `nl2_integrations` ENABLE KEYS */;
UNLOCK TABLES;

--
-- Table structure for table `nl2_ip_bans`
--

DROP TABLE IF EXISTS `nl2_ip_bans`;
/*!40101 SET @saved_cs_client     = @@character_set_client */;
/*!40101 SET character_set_client = utf8mb4 */;
CREATE TABLE `nl2_ip_bans` (
  `id` int(11) NOT NULL AUTO_INCREMENT,
  `ip` varchar(128) NOT NULL,
  `banned_by` int(11) DEFAULT NULL,
  `banned_at` int(11) NOT NULL,
  `reason` text DEFAULT NULL,
  PRIMARY KEY (`id`),
  KEY `banned_by` (`banned_by`),
  CONSTRAINT `nl2_ip_bans_ibfk_1` FOREIGN KEY (`banned_by`) REFERENCES `nl2_users` (`id`) ON DELETE SET NULL ON UPDATE NO ACTION
) ENGINE=InnoDB DEFAULT CHARSET=utf8mb4 COLLATE=utf8mb4_unicode_ci;
/*!40101 SET character_set_client = @saved_cs_client */;

--
-- Dumping data for table `nl2_ip_bans`
--

LOCK TABLES `nl2_ip_bans` WRITE;
/*!40000 ALTER TABLE `nl2_ip_bans` DISABLE KEYS */;
/*!40000 ALTER TABLE `nl2_ip_bans` ENABLE KEYS */;
UNLOCK TABLES;

--
-- Table structure for table `nl2_languages`
--

DROP TABLE IF EXISTS `nl2_languages`;
/*!40101 SET @saved_cs_client     = @@character_set_client */;
/*!40101 SET character_set_client = utf8mb4 */;
CREATE TABLE `nl2_languages` (
  `id` int(11) NOT NULL AUTO_INCREMENT,
  `name` varchar(64) NOT NULL,
  `short_code` varchar(64) NOT NULL,
  `is_default` tinyint(1) NOT NULL DEFAULT 0,
  PRIMARY KEY (`id`)
) ENGINE=InnoDB AUTO_INCREMENT=34 DEFAULT CHARSET=utf8mb4 COLLATE=utf8mb4_unicode_ci;
/*!40101 SET character_set_client = @saved_cs_client */;

--
-- Dumping data for table `nl2_languages`
--

LOCK TABLES `nl2_languages` WRITE;
/*!40000 ALTER TABLE `nl2_languages` DISABLE KEYS */;
INSERT INTO `nl2_languages` VALUES
(1,'Chinese','zh_TW',0),
(2,'Chinese (Simplified)','zh_CN',0),
(3,'Czech','cs_CZ',0),
(4,'Danish','da_DK',0),
(5,'Dutch','nl_NL',0),
(6,'English UK','en_UK',1),
(7,'English US','en_US',0),
(8,'French','fr_FR',0),
(9,'German','de_DE',0),
(10,'Greek','el_GR',0),
(11,'Hungarian','hu_HU',0),
(12,'Italian','it_IT',0),
(13,'Japanese','ja_JP',0),
(14,'Lithuanian','lt_LT',0),
(15,'Norwegian','no_NO',0),
(16,'Polish','pl_PL',0),
(17,'Portuguese','pt_BR',0),
(18,'Romanian','ro_RO',0),
(19,'Russian','ru_RU',0),
(20,'Slovak','sk_SK',0),
(21,'Albanian','sq_AL',0),
(22,'Spanish','es_419',0),
(23,'Spanish ES','es_ES',0),
(24,'Swedish SE','sv_SE',0),
(25,'Thai','th_TH',0),
(26,'Turkish','tr_TR',0),
(27,'Ukrainian','uk_UA',0),
(28,'Korean (Korea)','ko_KR',0),
(29,'Vietnamese','vi_VN',0),
(30,'Croatian','hr_HR',0),
(31,'Indonesian','id_ID',0),
(32,'Finnish','fi_FI',0),
(33,'Latvian (Latvia)','lv_LV',0);
/*!40000 ALTER TABLE `nl2_languages` ENABLE KEYS */;
UNLOCK TABLES;

--
-- Table structure for table `nl2_logs`
--

DROP TABLE IF EXISTS `nl2_logs`;
/*!40101 SET @saved_cs_client     = @@character_set_client */;
/*!40101 SET character_set_client = utf8mb4 */;
CREATE TABLE `nl2_logs` (
  `id` int(11) NOT NULL AUTO_INCREMENT,
  `time` int(11) NOT NULL,
  `action` text NOT NULL,
  `ip` varchar(128) DEFAULT NULL,
  `user_id` int(11) NOT NULL,
  `info` mediumtext NOT NULL,
  PRIMARY KEY (`id`)
) ENGINE=InnoDB AUTO_INCREMENT=5 DEFAULT CHARSET=utf8mb4 COLLATE=utf8mb4_unicode_ci;
/*!40101 SET character_set_client = @saved_cs_client */;

--
-- Dumping data for table `nl2_logs`
--

LOCK TABLES `nl2_logs` WRITE;
/*!40000 ALTER TABLE `nl2_logs` DISABLE KEYS */;
INSERT INTO `nl2_logs` VALUES
(1,1745685809,'acp_login','172.18.0.1',1,''),
(2,1745685858,'forums_topic_create','172.18.0.1',1,'test'),
(3,1745685891,'forums_topic_create','172.18.0.1',1,'hello world~!'),
(4,1745685924,'forums_topic_create','172.18.0.1',1,'good morning');
/*!40000 ALTER TABLE `nl2_logs` ENABLE KEYS */;
UNLOCK TABLES;

--
-- Table structure for table `nl2_mc_servers`
--

DROP TABLE IF EXISTS `nl2_mc_servers`;
/*!40101 SET @saved_cs_client     = @@character_set_client */;
/*!40101 SET character_set_client = utf8mb4 */;
CREATE TABLE `nl2_mc_servers` (
  `id` int(11) NOT NULL AUTO_INCREMENT,
  `ip` varchar(64) NOT NULL,
  `query_ip` varchar(64) NOT NULL,
  `name` varchar(128) NOT NULL,
  `is_default` tinyint(1) NOT NULL DEFAULT 0,
  `display` tinyint(1) NOT NULL DEFAULT 1,
  `pre` tinyint(1) NOT NULL DEFAULT 0,
  `player_list` tinyint(1) NOT NULL DEFAULT 1,
  `parent_server` int(11) DEFAULT 0,
  `bungee` tinyint(1) NOT NULL DEFAULT 0,
  `bedrock` tinyint(1) NOT NULL DEFAULT 0,
  `port` int(11) DEFAULT NULL,
  `query_port` int(11) DEFAULT 25565,
  `banner_background` varchar(32) DEFAULT 'background.png',
  `show_ip` tinyint(1) NOT NULL DEFAULT 1,
  `order` int(11) NOT NULL DEFAULT 1,
  PRIMARY KEY (`id`)
) ENGINE=InnoDB DEFAULT CHARSET=utf8mb4 COLLATE=utf8mb4_unicode_ci;
/*!40101 SET character_set_client = @saved_cs_client */;

--
-- Dumping data for table `nl2_mc_servers`
--

LOCK TABLES `nl2_mc_servers` WRITE;
/*!40000 ALTER TABLE `nl2_mc_servers` DISABLE KEYS */;
/*!40000 ALTER TABLE `nl2_mc_servers` ENABLE KEYS */;
UNLOCK TABLES;

--
-- Table structure for table `nl2_member_lists`
--

DROP TABLE IF EXISTS `nl2_member_lists`;
/*!40101 SET @saved_cs_client     = @@character_set_client */;
/*!40101 SET character_set_client = utf8mb4 */;
CREATE TABLE `nl2_member_lists` (
  `name` varchar(64) NOT NULL,
  `friendly_name` varchar(64) NOT NULL,
  `module` varchar(64) NOT NULL,
  `enabled` tinyint(1) NOT NULL DEFAULT 1,
  PRIMARY KEY (`name`),
  UNIQUE KEY `name` (`name`,`friendly_name`)
) ENGINE=InnoDB DEFAULT CHARSET=utf8mb4 COLLATE=utf8mb4_unicode_ci;
/*!40101 SET character_set_client = @saved_cs_client */;

--
-- Dumping data for table `nl2_member_lists`
--

LOCK TABLES `nl2_member_lists` WRITE;
/*!40000 ALTER TABLE `nl2_member_lists` DISABLE KEYS */;
/*!40000 ALTER TABLE `nl2_member_lists` ENABLE KEYS */;
UNLOCK TABLES;

--
-- Table structure for table `nl2_modules`
--

DROP TABLE IF EXISTS `nl2_modules`;
/*!40101 SET @saved_cs_client     = @@character_set_client */;
/*!40101 SET character_set_client = utf8mb4 */;
CREATE TABLE `nl2_modules` (
  `id` int(11) NOT NULL AUTO_INCREMENT,
  `name` varchar(64) NOT NULL,
  `enabled` tinyint(1) NOT NULL DEFAULT 0,
  PRIMARY KEY (`id`),
  UNIQUE KEY `name` (`name`)
) ENGINE=InnoDB AUTO_INCREMENT=6 DEFAULT CHARSET=utf8mb4 COLLATE=utf8mb4_unicode_ci;
/*!40101 SET character_set_client = @saved_cs_client */;

--
-- Dumping data for table `nl2_modules`
--

LOCK TABLES `nl2_modules` WRITE;
/*!40000 ALTER TABLE `nl2_modules` DISABLE KEYS */;
INSERT INTO `nl2_modules` VALUES
(1,'Core',1),
(2,'Forum',0),
(3,'Discord Integration',0),
(4,'Cookie Consent',0),
(5,'Members',0);
/*!40000 ALTER TABLE `nl2_modules` ENABLE KEYS */;
UNLOCK TABLES;

--
-- Table structure for table `nl2_oauth`
--

DROP TABLE IF EXISTS `nl2_oauth`;
/*!40101 SET @saved_cs_client     = @@character_set_client */;
/*!40101 SET character_set_client = utf8mb4 */;
CREATE TABLE `nl2_oauth` (
  `provider` varchar(256) NOT NULL,
  `enabled` tinyint(1) NOT NULL DEFAULT 0,
  `client_id` varchar(256) DEFAULT NULL,
  `client_secret` varchar(256) DEFAULT NULL,
  PRIMARY KEY (`provider`)
) ENGINE=InnoDB DEFAULT CHARSET=utf8mb4 COLLATE=utf8mb4_unicode_ci;
/*!40101 SET character_set_client = @saved_cs_client */;

--
-- Dumping data for table `nl2_oauth`
--

LOCK TABLES `nl2_oauth` WRITE;
/*!40000 ALTER TABLE `nl2_oauth` DISABLE KEYS */;
/*!40000 ALTER TABLE `nl2_oauth` ENABLE KEYS */;
UNLOCK TABLES;

--
-- Table structure for table `nl2_oauth_users`
--

DROP TABLE IF EXISTS `nl2_oauth_users`;
/*!40101 SET @saved_cs_client     = @@character_set_client */;
/*!40101 SET character_set_client = utf8mb4 */;
CREATE TABLE `nl2_oauth_users` (
  `user_id` int(11) NOT NULL,
  `provider` varchar(256) NOT NULL,
  `provider_id` varchar(256) NOT NULL,
  PRIMARY KEY (`user_id`,`provider`,`provider_id`),
  KEY `provider` (`provider`),
  CONSTRAINT `nl2_oauth_users_ibfk_1` FOREIGN KEY (`user_id`) REFERENCES `nl2_users` (`id`) ON DELETE CASCADE ON UPDATE CASCADE,
  CONSTRAINT `nl2_oauth_users_ibfk_2` FOREIGN KEY (`provider`) REFERENCES `nl2_oauth` (`provider`) ON DELETE CASCADE ON UPDATE CASCADE
) ENGINE=InnoDB DEFAULT CHARSET=utf8mb4 COLLATE=utf8mb4_unicode_ci;
/*!40101 SET character_set_client = @saved_cs_client */;

--
-- Dumping data for table `nl2_oauth_users`
--

LOCK TABLES `nl2_oauth_users` WRITE;
/*!40000 ALTER TABLE `nl2_oauth_users` DISABLE KEYS */;
/*!40000 ALTER TABLE `nl2_oauth_users` ENABLE KEYS */;
UNLOCK TABLES;

--
-- Table structure for table `nl2_online_guests`
--

DROP TABLE IF EXISTS `nl2_online_guests`;
/*!40101 SET @saved_cs_client     = @@character_set_client */;
/*!40101 SET character_set_client = utf8mb4 */;
CREATE TABLE `nl2_online_guests` (
  `id` int(11) NOT NULL AUTO_INCREMENT,
  `ip` varchar(128) NOT NULL,
  `last_seen` int(11) NOT NULL,
  PRIMARY KEY (`id`)
) ENGINE=InnoDB DEFAULT CHARSET=utf8mb4 COLLATE=utf8mb4_unicode_ci;
/*!40101 SET character_set_client = @saved_cs_client */;

--
-- Dumping data for table `nl2_online_guests`
--

LOCK TABLES `nl2_online_guests` WRITE;
/*!40000 ALTER TABLE `nl2_online_guests` DISABLE KEYS */;
/*!40000 ALTER TABLE `nl2_online_guests` ENABLE KEYS */;
UNLOCK TABLES;

--
-- Table structure for table `nl2_page_descriptions`
--

DROP TABLE IF EXISTS `nl2_page_descriptions`;
/*!40101 SET @saved_cs_client     = @@character_set_client */;
/*!40101 SET character_set_client = utf8mb4 */;
CREATE TABLE `nl2_page_descriptions` (
  `id` int(11) NOT NULL AUTO_INCREMENT,
  `page` varchar(64) NOT NULL,
  `description` text DEFAULT NULL,
  `tags` text NOT NULL,
  `image` varchar(512) DEFAULT NULL,
  PRIMARY KEY (`id`)
) ENGINE=InnoDB DEFAULT CHARSET=utf8mb4 COLLATE=utf8mb4_unicode_ci;
/*!40101 SET character_set_client = @saved_cs_client */;

--
-- Dumping data for table `nl2_page_descriptions`
--

LOCK TABLES `nl2_page_descriptions` WRITE;
/*!40000 ALTER TABLE `nl2_page_descriptions` DISABLE KEYS */;
/*!40000 ALTER TABLE `nl2_page_descriptions` ENABLE KEYS */;
UNLOCK TABLES;

--
-- Table structure for table `nl2_panel_templates`
--

DROP TABLE IF EXISTS `nl2_panel_templates`;
/*!40101 SET @saved_cs_client     = @@character_set_client */;
/*!40101 SET character_set_client = utf8mb4 */;
CREATE TABLE `nl2_panel_templates` (
  `id` int(11) NOT NULL AUTO_INCREMENT,
  `name` varchar(64) NOT NULL,
  `enabled` tinyint(1) NOT NULL DEFAULT 0,
  `is_default` tinyint(1) NOT NULL DEFAULT 0,
  PRIMARY KEY (`id`)
) ENGINE=InnoDB AUTO_INCREMENT=2 DEFAULT CHARSET=utf8mb4 COLLATE=utf8mb4_unicode_ci;
/*!40101 SET character_set_client = @saved_cs_client */;

--
-- Dumping data for table `nl2_panel_templates`
--

LOCK TABLES `nl2_panel_templates` WRITE;
/*!40000 ALTER TABLE `nl2_panel_templates` DISABLE KEYS */;
INSERT INTO `nl2_panel_templates` VALUES
(1,'Default',1,1);
/*!40000 ALTER TABLE `nl2_panel_templates` ENABLE KEYS */;
UNLOCK TABLES;

--
-- Table structure for table `nl2_phinxlog`
--

DROP TABLE IF EXISTS `nl2_phinxlog`;
/*!40101 SET @saved_cs_client     = @@character_set_client */;
/*!40101 SET character_set_client = utf8mb4 */;
CREATE TABLE `nl2_phinxlog` (
  `version` bigint(20) NOT NULL,
  `migration_name` varchar(100) DEFAULT NULL,
  `start_time` timestamp NULL DEFAULT NULL,
  `end_time` timestamp NULL DEFAULT NULL,
  `breakpoint` tinyint(1) NOT NULL DEFAULT 0,
  PRIMARY KEY (`version`)
) ENGINE=InnoDB DEFAULT CHARSET=utf8mb4 COLLATE=utf8mb4_unicode_ci;
/*!40101 SET character_set_client = @saved_cs_client */;

--
-- Dumping data for table `nl2_phinxlog`
--

LOCK TABLES `nl2_phinxlog` WRITE;
/*!40000 ALTER TABLE `nl2_phinxlog` DISABLE KEYS */;
INSERT INTO `nl2_phinxlog` VALUES
(20220517030607,'CreateLanguagesTable','2025-04-26 17:42:30','2025-04-26 17:42:30',0),
(20220517030609,'CreateTemplatesTable','2025-04-26 17:42:30','2025-04-26 17:42:30',0),
(20220517030611,'CreateUsersTable','2025-04-26 17:42:30','2025-04-26 17:42:30',0),
(20220517030657,'CreateReactionsTable','2025-04-26 17:42:30','2025-04-26 17:42:30',0),
(20220518024302,'CreatePanelTemplatesTable','2025-04-26 17:42:30','2025-04-26 17:42:30',0),
(20220518024945,'CreateBlockedUsersTable','2025-04-26 17:42:30','2025-04-26 17:42:30',0),
(20220518025652,'CreateGroupsTable','2025-04-26 17:42:30','2025-04-26 17:42:30',0),
(20220518025817,'CreateUsersGroupsTable','2025-04-26 17:42:30','2025-04-26 17:42:30',0),
(20220518031216,'CreateAlertsTable','2025-04-26 17:42:30','2025-04-26 17:42:31',0),
(20220518032305,'CreateCustomAnnouncementsTable','2025-04-26 17:42:31','2025-04-26 17:42:31',0),
(20220518032919,'CreateCustomPagesTable','2025-04-26 17:42:31','2025-04-26 17:42:31',0),
(20220518033833,'CreateCustomPagesPermissionsTable','2025-04-26 17:42:31','2025-04-26 17:42:31',0),
(20220518034729,'CreateEmailErrorsTable','2025-04-26 17:42:31','2025-04-26 17:42:31',0),
(20220518035532,'CreateGroupsTemplatesTable','2025-04-26 17:42:31','2025-04-26 17:42:31',0),
(20220518040058,'CreateGroupSyncTable','2025-04-26 17:42:31','2025-04-26 17:42:31',0),
(20220518040456,'CreateHooksTable','2025-04-26 17:42:31','2025-04-26 17:42:31',0),
(20220518040806,'CreateIpBansTable','2025-04-26 17:42:31','2025-04-26 17:42:31',0),
(20220519020719,'CreateInfractionsTable','2025-04-26 17:42:31','2025-04-26 17:42:31',0),
(20220519021237,'CreateLogsTable','2025-04-26 17:42:31','2025-04-26 17:42:31',0),
(20220519021711,'CreateMcServersTable','2025-04-26 17:42:31','2025-04-26 17:42:31',0),
(20220519022400,'CreateModulesTable','2025-04-26 17:42:31','2025-04-26 17:42:31',0),
(20220519022945,'CreateWidgetsTable','2025-04-26 17:42:31','2025-04-26 17:42:31',0),
(20220519023439,'CreatePrivacyTermsTable','2025-04-26 17:42:31','2025-04-26 17:42:31',0),
(20220519023748,'CreateOauthTable','2025-04-26 17:42:31','2025-04-26 17:42:31',0),
(20220519024247,'CreateOauthUsersTable','2025-04-26 17:42:31','2025-04-26 17:42:31',0),
(20220519024833,'CreateOnlineGuestsTable','2025-04-26 17:42:31','2025-04-26 17:42:31',0),
(20220519025351,'CreatePageDescriptionsTable','2025-04-26 17:42:31','2025-04-26 17:42:31',0),
(20220519025851,'CreatePrivateMessagesTable','2025-04-26 17:42:31','2025-04-26 17:42:31',0),
(20220519030416,'CreatePrivateMessagesRepliesTable','2025-04-26 17:42:31','2025-04-26 17:42:31',0),
(20220519030902,'CreatePrivateMessagesUsersTable','2025-04-26 17:42:31','2025-04-26 17:42:31',0),
(20220519031223,'CreateProfileFieldsTable','2025-04-26 17:42:31','2025-04-26 17:42:31',0),
(20220519031732,'CreateUsersProfileFieldsTable','2025-04-26 17:42:31','2025-04-26 17:42:31',0),
(20220519032328,'CreateUsersSessionTable','2025-04-26 17:42:31','2025-04-26 17:42:31',0),
(20220519034124,'CreateUsersIpsTable','2025-04-26 17:42:31','2025-04-26 17:42:31',0),
(20220519040344,'CreateUsersAdminSessionTable','2025-04-26 17:42:31','2025-04-26 17:42:31',0),
(20220519040925,'CreateIntegrationsTable','2025-04-26 17:42:31','2025-04-26 17:42:31',0),
(20220519041811,'CreateUsersIntegrationsTable','2025-04-26 17:42:31','2025-04-26 17:42:31',0),
(20220519150540,'CreatePlaceholdersSettingsTable','2025-04-26 17:42:31','2025-04-26 17:42:31',0),
(20220519151124,'CreateUsersPlaceholdersTable','2025-04-26 17:42:31','2025-04-26 17:42:31',0),
(20220519152021,'CreateUserProfileWallPostsTable','2025-04-26 17:42:31','2025-04-26 17:42:31',0),
(20220519152346,'CreateUserProfileWallPostsReactionsTable','2025-04-26 17:42:31','2025-04-26 17:42:31',0),
(20220519152544,'CreateUserProfileWallPostsRepliesTable','2025-04-26 17:42:31','2025-04-26 17:42:31',0),
(20220519153135,'CreateForumsTable','2025-04-26 17:42:31','2025-04-26 17:42:31',0),
(20220519153136,'CreateTopicsTable','2025-04-26 17:42:31','2025-04-26 17:42:31',0),
(20220519153137,'CreatePostsTable','2025-04-26 17:42:31','2025-04-26 17:42:31',0),
(20220519153139,'CreateReportsTable','2025-04-26 17:42:31','2025-04-26 17:42:31',0),
(20220519153651,'CreateReportsCommentsTable','2025-04-26 17:42:31','2025-04-26 17:42:31',0),
(20220519154102,'CreateSettingsTable','2025-04-26 17:42:31','2025-04-26 17:42:31',0),
(20220519154314,'CreateQueryErrorsTable','2025-04-26 17:42:31','2025-04-26 17:42:31',0),
(20220519154440,'CreateQueryResultsTable','2025-04-26 17:42:31','2025-04-26 17:42:31',0),
(20220519154832,'CreateForumsLabelsTable','2025-04-26 17:42:31','2025-04-26 17:42:31',0),
(20220519161304,'CreateTopicsFollowingTable','2025-04-26 17:42:31','2025-04-26 17:42:31',0),
(20220519161539,'CreateForumsPermissionsTable','2025-04-26 17:42:31','2025-04-26 17:42:31',0),
(20220519161812,'CreateForumsReactionsTable','2025-04-26 17:42:31','2025-04-26 17:42:31',0),
(20220519161954,'CreateForumsTopicLabelsTable','2025-04-26 17:42:31','2025-04-26 17:42:31',0),
(20220525051321,'CreateUuidCacheTable','2025-04-26 17:42:31','2025-04-26 17:42:31',0),
(20220525051337,'CreateUsersUsernameHistoryTable','2025-04-26 17:42:31','2025-04-26 17:42:31',0),
(20220602132634,'NullablePostDate','2025-04-26 17:42:31','2025-04-26 17:42:31',0),
(20220609184529,'MakeUsernameColumnNullableOnUserIntegrationsTable','2025-04-26 17:42:31','2025-04-26 17:42:31',0),
(20220612041555,'DropGroupHtmlLgColumnOnGroupsTable','2025-04-26 17:42:31','2025-04-26 17:42:31',0),
(20220620183016,'AddModuleSettingsColumn','2025-04-26 17:42:31','2025-04-26 17:42:31',0),
(20220620190645,'MoveEmailSettingsToConfig','2025-04-26 17:42:31','2025-04-26 17:42:31',0),
(20220805152044,'ForumPostMediumText','2025-04-26 17:42:31','2025-04-26 17:42:31',0),
(20220805152052,'PrivateMessageMediumText','2025-04-26 17:42:31','2025-04-26 17:42:31',0),
(20220805152101,'CustomPageMediumText','2025-04-26 17:42:31','2025-04-26 17:42:31',0),
(20220805153842,'LogInfoMediumText','2025-04-26 17:42:31','2025-04-26 17:42:31',0),
(20220805174255,'SettingsValueText','2025-04-26 17:42:31','2025-04-26 17:42:31',0),
(20220807142446,'AddUserSessionActivityColumns','2025-04-26 17:42:31','2025-04-26 17:42:31',0),
(20220807153708,'DeleteAdminSessionTable','2025-04-26 17:42:31','2025-04-26 17:42:31',0),
(20220921014904,'CreateMemberListsTable','2025-04-26 17:42:31','2025-04-26 17:42:31',0),
(20221230144555,'ReportsReportedIdNullable','2025-04-26 17:42:31','2025-04-26 17:42:31',0),
(20230114124352,'UsersNightModeNullable','2025-04-26 17:42:31','2025-04-26 17:42:31',0),
(20230121015140,'AddAuthMeColumnsToUserTable','2025-04-26 17:42:31','2025-04-26 17:42:31',0),
(20230206192726,'CreateQueueTable','2025-04-26 17:42:31','2025-04-26 17:42:31',0),
(20230302090631,'AddImageColumnToPageDescriptionsTable','2025-04-26 17:42:31','2025-04-26 17:42:31',0);
/*!40000 ALTER TABLE `nl2_phinxlog` ENABLE KEYS */;
UNLOCK TABLES;

--
-- Table structure for table `nl2_placeholders_settings`
--

DROP TABLE IF EXISTS `nl2_placeholders_settings`;
/*!40101 SET @saved_cs_client     = @@character_set_client */;
/*!40101 SET character_set_client = utf8mb4 */;
CREATE TABLE `nl2_placeholders_settings` (
  `server_id` int(11) NOT NULL,
  `name` varchar(186) NOT NULL,
  `friendly_name` varchar(256) DEFAULT NULL,
  `show_on_profile` tinyint(1) NOT NULL DEFAULT 1,
  `show_on_forum` tinyint(1) NOT NULL DEFAULT 1,
  `leaderboard` tinyint(1) NOT NULL DEFAULT 0,
  `leaderboard_title` varchar(36) DEFAULT NULL,
  `leaderboard_sort` varchar(4) NOT NULL DEFAULT 'DESC',
  PRIMARY KEY (`server_id`,`name`),
  CONSTRAINT `nl2_placeholders_settings_ibfk_1` FOREIGN KEY (`server_id`) REFERENCES `nl2_mc_servers` (`id`) ON DELETE CASCADE
) ENGINE=InnoDB DEFAULT CHARSET=utf8mb4 COLLATE=utf8mb4_unicode_ci;
/*!40101 SET character_set_client = @saved_cs_client */;

--
-- Dumping data for table `nl2_placeholders_settings`
--

LOCK TABLES `nl2_placeholders_settings` WRITE;
/*!40000 ALTER TABLE `nl2_placeholders_settings` DISABLE KEYS */;
/*!40000 ALTER TABLE `nl2_placeholders_settings` ENABLE KEYS */;
UNLOCK TABLES;

--
-- Table structure for table `nl2_posts`
--

DROP TABLE IF EXISTS `nl2_posts`;
/*!40101 SET @saved_cs_client     = @@character_set_client */;
/*!40101 SET character_set_client = utf8mb4 */;
CREATE TABLE `nl2_posts` (
  `id` int(11) NOT NULL AUTO_INCREMENT,
  `forum_id` int(11) NOT NULL,
  `topic_id` int(11) NOT NULL,
  `post_creator` int(11) NOT NULL,
  `post_content` mediumtext NOT NULL,
  `post_date` datetime DEFAULT NULL,
  `last_edited` int(11) DEFAULT NULL,
  `ip_address` varchar(128) DEFAULT NULL,
  `deleted` tinyint(1) NOT NULL DEFAULT 0,
  `created` int(11) NOT NULL,
  PRIMARY KEY (`id`),
  KEY `topic_id` (`topic_id`),
  KEY `forum_id` (`forum_id`),
  KEY `post_creator` (`post_creator`),
  CONSTRAINT `nl2_posts_ibfk_1` FOREIGN KEY (`forum_id`) REFERENCES `nl2_forums` (`id`) ON DELETE CASCADE ON UPDATE CASCADE,
  CONSTRAINT `nl2_posts_ibfk_2` FOREIGN KEY (`topic_id`) REFERENCES `nl2_topics` (`id`) ON DELETE CASCADE ON UPDATE CASCADE,
  CONSTRAINT `nl2_posts_ibfk_3` FOREIGN KEY (`post_creator`) REFERENCES `nl2_users` (`id`) ON DELETE CASCADE ON UPDATE CASCADE
) ENGINE=InnoDB AUTO_INCREMENT=5 DEFAULT CHARSET=utf8mb4 COLLATE=utf8mb4_unicode_ci;
/*!40101 SET character_set_client = @saved_cs_client */;

--
-- Dumping data for table `nl2_posts`
--

LOCK TABLES `nl2_posts` WRITE;
/*!40000 ALTER TABLE `nl2_posts` DISABLE KEYS */;
INSERT INTO `nl2_posts` VALUES
(1,2,1,1,'<p>Welcome!</p>\n<p>To get started with NamelessMC, visit your StaffCP using the blue gear icon in the top right of your screen.</p>\n<p>If you need support, visit our Discord server: <a href=\"https://discord.gg/nameless\" target=\"_blank\" rel=\"noopener\">https://discord.gg/nameless</a></p>\n<p>Thank you and enjoy,</p>\n<p>The NamelessMC Development team.</p>','2025-04-26 17:42:51',1745685771,NULL,0,1745685771),
(2,2,2,1,'<p>test</p>','2025-04-27 01:44:18',NULL,NULL,0,1745685858),
(3,2,3,1,'<p>hello world~!</p>','2025-04-27 01:44:51',NULL,NULL,0,1745685891),
(4,2,4,1,'<p>good morning</p>','2025-04-27 01:45:24',NULL,NULL,0,1745685924);
/*!40000 ALTER TABLE `nl2_posts` ENABLE KEYS */;
UNLOCK TABLES;

--
-- Table structure for table `nl2_privacy_terms`
--

DROP TABLE IF EXISTS `nl2_privacy_terms`;
/*!40101 SET @saved_cs_client     = @@character_set_client */;
/*!40101 SET character_set_client = utf8mb4 */;
CREATE TABLE `nl2_privacy_terms` (
  `id` int(11) NOT NULL AUTO_INCREMENT,
  `name` varchar(8) NOT NULL,
  `value` text NOT NULL,
  PRIMARY KEY (`id`)
) ENGINE=InnoDB AUTO_INCREMENT=4 DEFAULT CHARSET=utf8mb4 COLLATE=utf8mb4_unicode_ci;
/*!40101 SET character_set_client = @saved_cs_client */;

--
-- Dumping data for table `nl2_privacy_terms`
--

LOCK TABLES `nl2_privacy_terms` WRITE;
/*!40000 ALTER TABLE `nl2_privacy_terms` DISABLE KEYS */;
INSERT INTO `nl2_privacy_terms` VALUES
(1,'terms','<p>You agree to be bound by our website rules and any laws which may apply to this website and your participation.</p><p>The website administration have the right to terminate your account at any time, delete any content you may have posted, and your IP address and any data you input to the website is recorded to assist the site staff with their moderation duties.</p><p>The site administration have the right to change these terms and conditions, and any site rules, at any point without warning. Whilst you may be informed of any changes, it is your responsibility to check these terms and the rules at any point.</p>'),
(2,'cookies','<span style=\"font-size:18px\"><strong>What are cookies?</strong></span><br />Cookies are small files which are stored on your device by a website, unique to your web browser. The web browser will send these files to the website each time it communicates with the website.<br />Cookies are used by this website for a variety of reasons which are outlined below.<br /><br /><strong>Necessary cookies</strong><br />Necessary cookies are required for this website to function. These are used by the website to maintain your session, allowing for you to submit any forms, log into the website amongst other essential behaviour. It is not possible to disable these within the website, however you can disable cookies altogether via your browser.<br /><br /><strong>Functional cookies</strong><br />Functional cookies allow for the website to work as you choose. For example, enabling the &quot;Remember Me&quot; option as you log in will create a functional cookie to automatically log you in on future visits.<br /><br /><strong>Analytical cookies</strong><br />Analytical cookies allow both this website, and any third party services used by this website, to collect non-personally identifiable data about the user. This allows us (the website staff) to continue to improve the user experience and understand how the website is used.<br /><br />Further information about cookies can be found online, including the <a rel=\"nofollow noopener\" target=\"_blank\" href=\"https://ico.org.uk/your-data-matters/online/cookies/\">ICO&#39;s website</a> which contains useful links to further documentation about configuring your browser.<br /><br /><span style=\"font-size:18px\"><strong>Configuring cookie use</strong></span><br />By default, only necessary cookies are used by this website. However, some website functionality may be unavailable until the use of cookies has been opted into.<br />You can opt into, or continue to disallow, the use of cookies using the cookie notice popup on this website. If you would like to update your preference, the cookie notice popup can be re-enabled by clicking the button below.'),
(3,'privacy','The following privacy policy outlines how your data is used on our website.<br /><br /><strong>Data</strong><br />Basic non-identifiable information about your user on the website is collected; the majority of which is provided during registration, such as email addresses and usernames.<br />In addition to this, IP addresses for registered users are stored within the system to aid with moderation duties. This includes spam prevention, and detecting alternative accounts.<br /><br />Accounts can be deleted by a site administrator upon request, which will remove all data relating to your user from our system.<br /><br /><strong>Cookies</strong><br />Cookies are used to store small pieces of non-identifiable information with your consent. In order to consent to the use of cookies, you must either close the cookie notice (as explained within the notice) or register on our website.<br />Data stored by cookies include any recently viewed topic IDs, along with a unique, unidentifiable hash upon logging in and selecting &quot;Remember Me&quot; to automatically log you in next time you visit.');
/*!40000 ALTER TABLE `nl2_privacy_terms` ENABLE KEYS */;
UNLOCK TABLES;

--
-- Table structure for table `nl2_private_messages`
--

DROP TABLE IF EXISTS `nl2_private_messages`;
/*!40101 SET @saved_cs_client     = @@character_set_client */;
/*!40101 SET character_set_client = utf8mb4 */;
CREATE TABLE `nl2_private_messages` (
  `id` int(11) NOT NULL AUTO_INCREMENT,
  `author_id` int(11) NOT NULL,
  `title` varchar(128) NOT NULL,
  `created` int(11) NOT NULL,
  `last_reply_user` int(11) NOT NULL,
  `last_reply_date` int(11) NOT NULL,
  PRIMARY KEY (`id`),
  KEY `author_id` (`author_id`),
  KEY `last_reply_user` (`last_reply_user`),
  CONSTRAINT `nl2_private_messages_ibfk_1` FOREIGN KEY (`author_id`) REFERENCES `nl2_users` (`id`) ON DELETE CASCADE ON UPDATE CASCADE,
  CONSTRAINT `nl2_private_messages_ibfk_2` FOREIGN KEY (`last_reply_user`) REFERENCES `nl2_users` (`id`) ON DELETE CASCADE ON UPDATE CASCADE
) ENGINE=InnoDB DEFAULT CHARSET=utf8mb4 COLLATE=utf8mb4_unicode_ci;
/*!40101 SET character_set_client = @saved_cs_client */;

--
-- Dumping data for table `nl2_private_messages`
--

LOCK TABLES `nl2_private_messages` WRITE;
/*!40000 ALTER TABLE `nl2_private_messages` DISABLE KEYS */;
/*!40000 ALTER TABLE `nl2_private_messages` ENABLE KEYS */;
UNLOCK TABLES;

--
-- Table structure for table `nl2_private_messages_replies`
--

DROP TABLE IF EXISTS `nl2_private_messages_replies`;
/*!40101 SET @saved_cs_client     = @@character_set_client */;
/*!40101 SET character_set_client = utf8mb4 */;
CREATE TABLE `nl2_private_messages_replies` (
  `id` int(11) NOT NULL AUTO_INCREMENT,
  `pm_id` int(11) NOT NULL,
  `author_id` int(11) NOT NULL,
  `created` int(11) NOT NULL,
  `content` mediumtext NOT NULL,
  PRIMARY KEY (`id`),
  KEY `pm_id` (`pm_id`),
  KEY `author_id` (`author_id`),
  CONSTRAINT `nl2_private_messages_replies_ibfk_1` FOREIGN KEY (`pm_id`) REFERENCES `nl2_private_messages` (`id`) ON DELETE CASCADE ON UPDATE CASCADE,
  CONSTRAINT `nl2_private_messages_replies_ibfk_2` FOREIGN KEY (`author_id`) REFERENCES `nl2_users` (`id`) ON DELETE CASCADE ON UPDATE CASCADE
) ENGINE=InnoDB DEFAULT CHARSET=utf8mb4 COLLATE=utf8mb4_unicode_ci;
/*!40101 SET character_set_client = @saved_cs_client */;

--
-- Dumping data for table `nl2_private_messages_replies`
--

LOCK TABLES `nl2_private_messages_replies` WRITE;
/*!40000 ALTER TABLE `nl2_private_messages_replies` DISABLE KEYS */;
/*!40000 ALTER TABLE `nl2_private_messages_replies` ENABLE KEYS */;
UNLOCK TABLES;

--
-- Table structure for table `nl2_private_messages_users`
--

DROP TABLE IF EXISTS `nl2_private_messages_users`;
/*!40101 SET @saved_cs_client     = @@character_set_client */;
/*!40101 SET character_set_client = utf8mb4 */;
CREATE TABLE `nl2_private_messages_users` (
  `id` int(11) NOT NULL AUTO_INCREMENT,
  `pm_id` int(11) NOT NULL,
  `user_id` int(11) NOT NULL,
  `read` tinyint(1) NOT NULL DEFAULT 0,
  PRIMARY KEY (`id`),
  KEY `pm_id` (`pm_id`),
  KEY `user_id` (`user_id`),
  CONSTRAINT `nl2_private_messages_users_ibfk_1` FOREIGN KEY (`pm_id`) REFERENCES `nl2_private_messages` (`id`) ON DELETE CASCADE ON UPDATE CASCADE,
  CONSTRAINT `nl2_private_messages_users_ibfk_2` FOREIGN KEY (`user_id`) REFERENCES `nl2_users` (`id`) ON DELETE CASCADE ON UPDATE CASCADE
) ENGINE=InnoDB DEFAULT CHARSET=utf8mb4 COLLATE=utf8mb4_unicode_ci;
/*!40101 SET character_set_client = @saved_cs_client */;

--
-- Dumping data for table `nl2_private_messages_users`
--

LOCK TABLES `nl2_private_messages_users` WRITE;
/*!40000 ALTER TABLE `nl2_private_messages_users` DISABLE KEYS */;
/*!40000 ALTER TABLE `nl2_private_messages_users` ENABLE KEYS */;
UNLOCK TABLES;

--
-- Table structure for table `nl2_profile_fields`
--

DROP TABLE IF EXISTS `nl2_profile_fields`;
/*!40101 SET @saved_cs_client     = @@character_set_client */;
/*!40101 SET character_set_client = utf8mb4 */;
CREATE TABLE `nl2_profile_fields` (
  `id` int(11) NOT NULL AUTO_INCREMENT,
  `name` varchar(255) NOT NULL,
  `type` int(11) NOT NULL DEFAULT 1,
  `public` tinyint(1) NOT NULL DEFAULT 1,
  `required` tinyint(1) NOT NULL DEFAULT 0,
  `forum_posts` tinyint(1) NOT NULL DEFAULT 0,
  `editable` tinyint(1) NOT NULL DEFAULT 1,
  `description` text DEFAULT NULL,
  `length` int(11) DEFAULT NULL,
  PRIMARY KEY (`id`)
) ENGINE=InnoDB DEFAULT CHARSET=utf8mb4 COLLATE=utf8mb4_unicode_ci;
/*!40101 SET character_set_client = @saved_cs_client */;

--
-- Dumping data for table `nl2_profile_fields`
--

LOCK TABLES `nl2_profile_fields` WRITE;
/*!40000 ALTER TABLE `nl2_profile_fields` DISABLE KEYS */;
/*!40000 ALTER TABLE `nl2_profile_fields` ENABLE KEYS */;
UNLOCK TABLES;

--
-- Table structure for table `nl2_query_errors`
--

DROP TABLE IF EXISTS `nl2_query_errors`;
/*!40101 SET @saved_cs_client     = @@character_set_client */;
/*!40101 SET character_set_client = utf8mb4 */;
CREATE TABLE `nl2_query_errors` (
  `id` int(11) NOT NULL AUTO_INCREMENT,
  `date` int(11) NOT NULL,
  `error` text NOT NULL,
  `ip` varchar(128) NOT NULL,
  `port` int(6) NOT NULL,
  PRIMARY KEY (`id`)
) ENGINE=InnoDB DEFAULT CHARSET=utf8mb4 COLLATE=utf8mb4_unicode_ci;
/*!40101 SET character_set_client = @saved_cs_client */;

--
-- Dumping data for table `nl2_query_errors`
--

LOCK TABLES `nl2_query_errors` WRITE;
/*!40000 ALTER TABLE `nl2_query_errors` DISABLE KEYS */;
/*!40000 ALTER TABLE `nl2_query_errors` ENABLE KEYS */;
UNLOCK TABLES;

--
-- Table structure for table `nl2_query_results`
--

DROP TABLE IF EXISTS `nl2_query_results`;
/*!40101 SET @saved_cs_client     = @@character_set_client */;
/*!40101 SET character_set_client = utf8mb4 */;
CREATE TABLE `nl2_query_results` (
  `id` int(11) NOT NULL AUTO_INCREMENT,
  `server_id` int(11) NOT NULL,
  `queried_at` int(11) NOT NULL,
  `players_online` int(11) NOT NULL,
  `groups` text DEFAULT NULL,
  PRIMARY KEY (`id`),
  KEY `server_id` (`server_id`),
  CONSTRAINT `nl2_query_results_ibfk_1` FOREIGN KEY (`server_id`) REFERENCES `nl2_mc_servers` (`id`) ON DELETE CASCADE ON UPDATE CASCADE
) ENGINE=InnoDB DEFAULT CHARSET=utf8mb4 COLLATE=utf8mb4_unicode_ci;
/*!40101 SET character_set_client = @saved_cs_client */;

--
-- Dumping data for table `nl2_query_results`
--

LOCK TABLES `nl2_query_results` WRITE;
/*!40000 ALTER TABLE `nl2_query_results` DISABLE KEYS */;
/*!40000 ALTER TABLE `nl2_query_results` ENABLE KEYS */;
UNLOCK TABLES;

--
-- Table structure for table `nl2_queue`
--

DROP TABLE IF EXISTS `nl2_queue`;
/*!40101 SET @saved_cs_client     = @@character_set_client */;
/*!40101 SET character_set_client = utf8mb4 */;
CREATE TABLE `nl2_queue` (
  `id` int(11) NOT NULL AUTO_INCREMENT,
  `module_id` int(11) NOT NULL,
  `task` varchar(64) NOT NULL,
  `name` varchar(64) DEFAULT NULL,
  `data` text DEFAULT NULL,
  `output` text DEFAULT NULL,
  `scheduled_at` int(11) NOT NULL,
  `scheduled_for` int(11) NOT NULL,
  `executed_at` int(11) DEFAULT NULL,
  `status` varchar(12) NOT NULL DEFAULT 'ready',
  `fragment` tinyint(1) NOT NULL DEFAULT 0,
  `fragment_total` int(11) DEFAULT NULL,
  `fragment_next` int(11) DEFAULT NULL,
  `attempts` int(11) NOT NULL DEFAULT 0,
  `user_id` int(11) DEFAULT NULL,
  `entity` varchar(64) DEFAULT NULL,
  `entity_id` int(11) DEFAULT NULL,
  PRIMARY KEY (`id`),
  KEY `module_id` (`module_id`),
  KEY `user_id` (`user_id`),
  CONSTRAINT `nl2_queue_ibfk_1` FOREIGN KEY (`module_id`) REFERENCES `nl2_modules` (`id`) ON DELETE CASCADE,
  CONSTRAINT `nl2_queue_ibfk_2` FOREIGN KEY (`user_id`) REFERENCES `nl2_users` (`id`) ON DELETE CASCADE
) ENGINE=InnoDB AUTO_INCREMENT=2 DEFAULT CHARSET=utf8mb4 COLLATE=utf8mb4_unicode_ci;
/*!40101 SET character_set_client = @saved_cs_client */;

--
-- Dumping data for table `nl2_queue`
--

LOCK TABLES `nl2_queue` WRITE;
/*!40000 ALTER TABLE `nl2_queue` DISABLE KEYS */;
INSERT INTO `nl2_queue` VALUES
(1,1,'GenerateSitemap','Generate Sitemap','[]',NULL,1745685764,1745708400,NULL,'ready',0,NULL,NULL,0,NULL,NULL,NULL);
/*!40000 ALTER TABLE `nl2_queue` ENABLE KEYS */;
UNLOCK TABLES;

--
-- Table structure for table `nl2_reactions`
--

DROP TABLE IF EXISTS `nl2_reactions`;
/*!40101 SET @saved_cs_client     = @@character_set_client */;
/*!40101 SET character_set_client = utf8mb4 */;
CREATE TABLE `nl2_reactions` (
  `id` int(11) NOT NULL AUTO_INCREMENT,
  `name` varchar(16) NOT NULL,
  `html` varchar(255) NOT NULL,
  `enabled` tinyint(1) NOT NULL DEFAULT 1,
  `type` int(1) NOT NULL DEFAULT 2,
  PRIMARY KEY (`id`)
) ENGINE=InnoDB AUTO_INCREMENT=4 DEFAULT CHARSET=utf8mb4 COLLATE=utf8mb4_unicode_ci;
/*!40101 SET character_set_client = @saved_cs_client */;

--
-- Dumping data for table `nl2_reactions`
--

LOCK TABLES `nl2_reactions` WRITE;
/*!40000 ALTER TABLE `nl2_reactions` DISABLE KEYS */;
INSERT INTO `nl2_reactions` VALUES
(1,'Like','<i class=\"fas fa-thumbs-up text-success\"></i>',1,2),
(2,'Dislike','<i class=\"fas fa-thumbs-down text-danger\"></i>',1,0),
(3,'Meh','<i class=\"fas fa-meh text-warning\"></i>',1,1);
/*!40000 ALTER TABLE `nl2_reactions` ENABLE KEYS */;
UNLOCK TABLES;

--
-- Table structure for table `nl2_reports`
--

DROP TABLE IF EXISTS `nl2_reports`;
/*!40101 SET @saved_cs_client     = @@character_set_client */;
/*!40101 SET character_set_client = utf8mb4 */;
CREATE TABLE `nl2_reports` (
  `id` int(11) NOT NULL AUTO_INCREMENT,
  `type` int(1) NOT NULL,
  `reporter_id` int(11) DEFAULT NULL,
  `reported_id` int(11) DEFAULT NULL,
  `status` int(1) NOT NULL DEFAULT 0,
  `date_reported` datetime NOT NULL,
  `date_updated` datetime NOT NULL,
  `reported` int(11) NOT NULL,
  `updated` int(11) NOT NULL,
  `report_reason` text NOT NULL,
  `updated_by` int(11) NOT NULL,
  `reported_post` int(11) DEFAULT NULL,
  `link` varchar(128) DEFAULT NULL,
  `reported_mcname` varchar(64) DEFAULT NULL,
  `reported_uuid` varchar(64) DEFAULT NULL,
  PRIMARY KEY (`id`),
  KEY `reporter_id` (`reporter_id`),
  KEY `reported_id` (`reported_id`),
  KEY `updated_by` (`updated_by`),
  KEY `reported_post` (`reported_post`),
  CONSTRAINT `nl2_reports_ibfk_1` FOREIGN KEY (`reporter_id`) REFERENCES `nl2_users` (`id`) ON DELETE CASCADE ON UPDATE CASCADE,
  CONSTRAINT `nl2_reports_ibfk_2` FOREIGN KEY (`reported_id`) REFERENCES `nl2_users` (`id`) ON DELETE CASCADE ON UPDATE CASCADE,
  CONSTRAINT `nl2_reports_ibfk_3` FOREIGN KEY (`updated_by`) REFERENCES `nl2_users` (`id`) ON DELETE CASCADE ON UPDATE CASCADE,
  CONSTRAINT `nl2_reports_ibfk_4` FOREIGN KEY (`reported_post`) REFERENCES `nl2_posts` (`id`) ON DELETE SET NULL ON UPDATE CASCADE
) ENGINE=InnoDB DEFAULT CHARSET=utf8mb4 COLLATE=utf8mb4_unicode_ci;
/*!40101 SET character_set_client = @saved_cs_client */;

--
-- Dumping data for table `nl2_reports`
--

LOCK TABLES `nl2_reports` WRITE;
/*!40000 ALTER TABLE `nl2_reports` DISABLE KEYS */;
/*!40000 ALTER TABLE `nl2_reports` ENABLE KEYS */;
UNLOCK TABLES;

--
-- Table structure for table `nl2_reports_comments`
--

DROP TABLE IF EXISTS `nl2_reports_comments`;
/*!40101 SET @saved_cs_client     = @@character_set_client */;
/*!40101 SET character_set_client = utf8mb4 */;
CREATE TABLE `nl2_reports_comments` (
  `id` int(11) NOT NULL AUTO_INCREMENT,
  `report_id` int(11) NOT NULL,
  `commenter_id` int(11) NOT NULL,
  `comment_date` datetime NOT NULL,
  `date` int(11) NOT NULL,
  `comment_content` text NOT NULL,
  PRIMARY KEY (`id`),
  KEY `report_id` (`report_id`),
  KEY `commenter_id` (`commenter_id`),
  CONSTRAINT `nl2_reports_comments_ibfk_1` FOREIGN KEY (`report_id`) REFERENCES `nl2_reports` (`id`) ON DELETE CASCADE ON UPDATE CASCADE,
  CONSTRAINT `nl2_reports_comments_ibfk_2` FOREIGN KEY (`commenter_id`) REFERENCES `nl2_users` (`id`) ON DELETE CASCADE ON UPDATE CASCADE
) ENGINE=InnoDB DEFAULT CHARSET=utf8mb4 COLLATE=utf8mb4_unicode_ci;
/*!40101 SET character_set_client = @saved_cs_client */;

--
-- Dumping data for table `nl2_reports_comments`
--

LOCK TABLES `nl2_reports_comments` WRITE;
/*!40000 ALTER TABLE `nl2_reports_comments` DISABLE KEYS */;
/*!40000 ALTER TABLE `nl2_reports_comments` ENABLE KEYS */;
UNLOCK TABLES;

--
-- Table structure for table `nl2_settings`
--

DROP TABLE IF EXISTS `nl2_settings`;
/*!40101 SET @saved_cs_client     = @@character_set_client */;
/*!40101 SET character_set_client = utf8mb4 */;
CREATE TABLE `nl2_settings` (
  `id` int(11) NOT NULL AUTO_INCREMENT,
  `name` varchar(64) NOT NULL,
  `value` text DEFAULT NULL,
  `module` varchar(32) DEFAULT NULL,
  PRIMARY KEY (`id`),
  UNIQUE KEY `name` (`name`,`module`)
) ENGINE=InnoDB AUTO_INCREMENT=41 DEFAULT CHARSET=utf8mb4 COLLATE=utf8mb4_unicode_ci;
/*!40101 SET character_set_client = @saved_cs_client */;

--
-- Dumping data for table `nl2_settings`
--

LOCK TABLES `nl2_settings` WRITE;
/*!40000 ALTER TABLE `nl2_settings` DISABLE KEYS */;
INSERT INTO `nl2_settings` VALUES
(1,'sitename','nameless',NULL),
(2,'incoming_email','a@gmail.com',NULL),
(3,'outgoing_email','a@gmail.com',NULL),
(4,'member_list_viewable_groups','[1,2,3,4]','Members'),
(5,'registration_enabled','1',NULL),
(6,'displaynames','0',NULL),
(7,'uuid_linking','1',NULL),
(8,'recaptcha','0',NULL),
(9,'recaptcha_type','Recaptcha3',NULL),
(10,'recaptcha_login','0',NULL),
(11,'email_verification','1',NULL),
(12,'nameless_version','2.1.3',NULL),
(13,'version_checked','1745685782',NULL),
(14,'phpmailer','0',NULL),
(15,'user_avatars','0',NULL),
(16,'avatar_site','cravatar',NULL),
(17,'mc_integration','1',NULL),
(18,'discord_integration','0',NULL),
(19,'avatar_type','helmavatar',NULL),
(20,'home_type','news',NULL),
(21,'forum_reactions','1',NULL),
(22,'error_reporting','0',NULL),
(23,'page_loading','0',NULL),
(24,'unique_id','EKRiWkyBPdQlwGCn69T5e4m1IJoaMFsAuzqjU80O7bHXtDN2fYcrxVhL3vSZgp',NULL),
(25,'use_api','0',NULL),
(26,'mc_api_key','B7YhxRP6u13ww9AqBCNZNROk51NDekIYU9hKE8wvcz4',NULL),
(27,'query_type','internal',NULL),
(28,'player_list_limit','20',NULL),
(29,'timezone','Asia/Seoul',NULL),
(30,'maintenance','0',NULL),
(31,'maintenance_message','This website is currently in maintenance mode.',NULL),
(32,'default_avatar_type','minecraft',NULL),
(33,'private_profile','1',NULL),
(34,'validate_user_action','{\"action\":\"promote\",\"group\":1}',NULL),
(35,'login_method','email',NULL),
(36,'username_sync','1',NULL),
(37,'status_page','0',NULL),
(38,'placeholders','0',NULL),
(39,'t_and_c','By registering on our website, you agree to the following:<p>This website uses \"Nameless\" website software. The \"Nameless\" software creators will not be held responsible for any content that may be experienced whilst browsing this site, nor are they responsible for any loss of data which may come about, for example a hacking attempt. The website is run independently from the software creators, and any content is the responsibility of the website administration.</p>',NULL),
(40,'version_update','urgent',NULL);
/*!40000 ALTER TABLE `nl2_settings` ENABLE KEYS */;
UNLOCK TABLES;

--
-- Table structure for table `nl2_templates`
--

DROP TABLE IF EXISTS `nl2_templates`;
/*!40101 SET @saved_cs_client     = @@character_set_client */;
/*!40101 SET character_set_client = utf8mb4 */;
CREATE TABLE `nl2_templates` (
  `id` int(11) NOT NULL AUTO_INCREMENT,
  `name` varchar(64) NOT NULL,
  `enabled` tinyint(1) NOT NULL DEFAULT 0,
  `is_default` tinyint(1) NOT NULL DEFAULT 0,
  PRIMARY KEY (`id`)
) ENGINE=InnoDB AUTO_INCREMENT=2 DEFAULT CHARSET=utf8mb4 COLLATE=utf8mb4_unicode_ci;
/*!40101 SET character_set_client = @saved_cs_client */;

--
-- Dumping data for table `nl2_templates`
--

LOCK TABLES `nl2_templates` WRITE;
/*!40000 ALTER TABLE `nl2_templates` DISABLE KEYS */;
INSERT INTO `nl2_templates` VALUES
(1,'DefaultRevamp',1,1);
/*!40000 ALTER TABLE `nl2_templates` ENABLE KEYS */;
UNLOCK TABLES;

--
-- Table structure for table `nl2_topics`
--

DROP TABLE IF EXISTS `nl2_topics`;
/*!40101 SET @saved_cs_client     = @@character_set_client */;
/*!40101 SET character_set_client = utf8mb4 */;
CREATE TABLE `nl2_topics` (
  `id` int(11) NOT NULL AUTO_INCREMENT,
  `forum_id` int(11) NOT NULL,
  `topic_title` varchar(150) NOT NULL,
  `topic_creator` int(11) NOT NULL,
  `topic_last_user` int(11) NOT NULL,
  `topic_date` int(11) NOT NULL,
  `topic_reply_date` int(11) NOT NULL,
  `topic_views` int(11) NOT NULL DEFAULT 0,
  `locked` tinyint(1) NOT NULL DEFAULT 0,
  `sticky` tinyint(1) NOT NULL DEFAULT 0,
  `label` int(11) DEFAULT NULL,
  `deleted` tinyint(1) NOT NULL DEFAULT 0,
  `labels` varchar(128) DEFAULT NULL,
  PRIMARY KEY (`id`),
  KEY `forum_id` (`forum_id`),
  KEY `topic_creator` (`topic_creator`),
  KEY `topic_last_user` (`topic_last_user`),
  CONSTRAINT `nl2_topics_ibfk_1` FOREIGN KEY (`forum_id`) REFERENCES `nl2_forums` (`id`) ON DELETE CASCADE ON UPDATE CASCADE,
  CONSTRAINT `nl2_topics_ibfk_2` FOREIGN KEY (`topic_creator`) REFERENCES `nl2_users` (`id`) ON DELETE CASCADE ON UPDATE CASCADE,
  CONSTRAINT `nl2_topics_ibfk_3` FOREIGN KEY (`topic_last_user`) REFERENCES `nl2_users` (`id`) ON DELETE CASCADE ON UPDATE CASCADE
) ENGINE=InnoDB AUTO_INCREMENT=5 DEFAULT CHARSET=utf8mb4 COLLATE=utf8mb4_unicode_ci;
/*!40101 SET character_set_client = @saved_cs_client */;

--
-- Dumping data for table `nl2_topics`
--

LOCK TABLES `nl2_topics` WRITE;
/*!40000 ALTER TABLE `nl2_topics` DISABLE KEYS */;
INSERT INTO `nl2_topics` VALUES
(1,2,'Welcome to NamelessMC!',1,1,1745685771,1745685771,1,0,0,NULL,0,NULL),
(2,2,'test',1,1,1745685858,1745685858,0,0,0,NULL,0,''),
(3,2,'hello world~!',1,1,1745685891,1745685891,1,0,0,NULL,0,''),
(4,2,'good morning',1,1,1745685924,1745685924,1,0,0,NULL,0,'');
/*!40000 ALTER TABLE `nl2_topics` ENABLE KEYS */;
UNLOCK TABLES;

--
-- Table structure for table `nl2_topics_following`
--

DROP TABLE IF EXISTS `nl2_topics_following`;
/*!40101 SET @saved_cs_client     = @@character_set_client */;
/*!40101 SET character_set_client = utf8mb4 */;
CREATE TABLE `nl2_topics_following` (
  `id` int(11) NOT NULL AUTO_INCREMENT,
  `topic_id` int(11) NOT NULL,
  `user_id` int(11) NOT NULL,
  `existing_alerts` tinyint(1) NOT NULL DEFAULT 0,
  PRIMARY KEY (`id`),
  KEY `topic_id` (`topic_id`),
  KEY `user_id` (`user_id`),
  CONSTRAINT `nl2_topics_following_ibfk_1` FOREIGN KEY (`topic_id`) REFERENCES `nl2_topics` (`id`) ON DELETE CASCADE ON UPDATE CASCADE,
  CONSTRAINT `nl2_topics_following_ibfk_2` FOREIGN KEY (`user_id`) REFERENCES `nl2_users` (`id`) ON DELETE CASCADE ON UPDATE CASCADE
) ENGINE=InnoDB DEFAULT CHARSET=utf8mb4 COLLATE=utf8mb4_unicode_ci;
/*!40101 SET character_set_client = @saved_cs_client */;

--
-- Dumping data for table `nl2_topics_following`
--

LOCK TABLES `nl2_topics_following` WRITE;
/*!40000 ALTER TABLE `nl2_topics_following` DISABLE KEYS */;
/*!40000 ALTER TABLE `nl2_topics_following` ENABLE KEYS */;
UNLOCK TABLES;

--
-- Table structure for table `nl2_user_profile_wall_posts`
--

DROP TABLE IF EXISTS `nl2_user_profile_wall_posts`;
/*!40101 SET @saved_cs_client     = @@character_set_client */;
/*!40101 SET character_set_client = utf8mb4 */;
CREATE TABLE `nl2_user_profile_wall_posts` (
  `id` int(11) NOT NULL AUTO_INCREMENT,
  `user_id` int(11) NOT NULL,
  `author_id` int(11) NOT NULL,
  `time` int(11) NOT NULL,
  `content` text NOT NULL,
  PRIMARY KEY (`id`),
  KEY `user_id` (`user_id`),
  KEY `author_id` (`author_id`),
  CONSTRAINT `nl2_user_profile_wall_posts_ibfk_1` FOREIGN KEY (`user_id`) REFERENCES `nl2_users` (`id`) ON DELETE CASCADE ON UPDATE CASCADE,
  CONSTRAINT `nl2_user_profile_wall_posts_ibfk_2` FOREIGN KEY (`author_id`) REFERENCES `nl2_users` (`id`) ON DELETE CASCADE ON UPDATE CASCADE
) ENGINE=InnoDB DEFAULT CHARSET=utf8mb4 COLLATE=utf8mb4_unicode_ci;
/*!40101 SET character_set_client = @saved_cs_client */;

--
-- Dumping data for table `nl2_user_profile_wall_posts`
--

LOCK TABLES `nl2_user_profile_wall_posts` WRITE;
/*!40000 ALTER TABLE `nl2_user_profile_wall_posts` DISABLE KEYS */;
/*!40000 ALTER TABLE `nl2_user_profile_wall_posts` ENABLE KEYS */;
UNLOCK TABLES;

--
-- Table structure for table `nl2_user_profile_wall_posts_reactions`
--

DROP TABLE IF EXISTS `nl2_user_profile_wall_posts_reactions`;
/*!40101 SET @saved_cs_client     = @@character_set_client */;
/*!40101 SET character_set_client = utf8mb4 */;
CREATE TABLE `nl2_user_profile_wall_posts_reactions` (
  `id` int(11) NOT NULL AUTO_INCREMENT,
  `user_id` int(11) NOT NULL,
  `post_id` int(11) NOT NULL,
  `reaction_id` int(11) NOT NULL,
  `time` int(11) NOT NULL,
  PRIMARY KEY (`id`),
  KEY `user_id` (`user_id`),
  KEY `post_id` (`post_id`),
  KEY `reaction_id` (`reaction_id`),
  CONSTRAINT `nl2_user_profile_wall_posts_reactions_ibfk_1` FOREIGN KEY (`user_id`) REFERENCES `nl2_users` (`id`) ON DELETE CASCADE ON UPDATE CASCADE,
  CONSTRAINT `nl2_user_profile_wall_posts_reactions_ibfk_2` FOREIGN KEY (`post_id`) REFERENCES `nl2_user_profile_wall_posts` (`id`) ON DELETE CASCADE ON UPDATE CASCADE,
  CONSTRAINT `nl2_user_profile_wall_posts_reactions_ibfk_3` FOREIGN KEY (`reaction_id`) REFERENCES `nl2_reactions` (`id`) ON DELETE CASCADE ON UPDATE CASCADE
) ENGINE=InnoDB DEFAULT CHARSET=utf8mb4 COLLATE=utf8mb4_unicode_ci;
/*!40101 SET character_set_client = @saved_cs_client */;

--
-- Dumping data for table `nl2_user_profile_wall_posts_reactions`
--

LOCK TABLES `nl2_user_profile_wall_posts_reactions` WRITE;
/*!40000 ALTER TABLE `nl2_user_profile_wall_posts_reactions` DISABLE KEYS */;
/*!40000 ALTER TABLE `nl2_user_profile_wall_posts_reactions` ENABLE KEYS */;
UNLOCK TABLES;

--
-- Table structure for table `nl2_user_profile_wall_posts_replies`
--

DROP TABLE IF EXISTS `nl2_user_profile_wall_posts_replies`;
/*!40101 SET @saved_cs_client     = @@character_set_client */;
/*!40101 SET character_set_client = utf8mb4 */;
CREATE TABLE `nl2_user_profile_wall_posts_replies` (
  `id` int(11) NOT NULL AUTO_INCREMENT,
  `post_id` int(11) NOT NULL,
  `author_id` int(11) NOT NULL,
  `time` int(11) NOT NULL,
  `content` text NOT NULL,
  PRIMARY KEY (`id`),
  KEY `post_id` (`post_id`),
  KEY `author_id` (`author_id`),
  CONSTRAINT `nl2_user_profile_wall_posts_replies_ibfk_1` FOREIGN KEY (`post_id`) REFERENCES `nl2_user_profile_wall_posts` (`id`) ON DELETE CASCADE ON UPDATE CASCADE,
  CONSTRAINT `nl2_user_profile_wall_posts_replies_ibfk_2` FOREIGN KEY (`author_id`) REFERENCES `nl2_users` (`id`) ON DELETE CASCADE ON UPDATE CASCADE
) ENGINE=InnoDB DEFAULT CHARSET=utf8mb4 COLLATE=utf8mb4_unicode_ci;
/*!40101 SET character_set_client = @saved_cs_client */;

--
-- Dumping data for table `nl2_user_profile_wall_posts_replies`
--

LOCK TABLES `nl2_user_profile_wall_posts_replies` WRITE;
/*!40000 ALTER TABLE `nl2_user_profile_wall_posts_replies` DISABLE KEYS */;
/*!40000 ALTER TABLE `nl2_user_profile_wall_posts_replies` ENABLE KEYS */;
UNLOCK TABLES;

--
-- Table structure for table `nl2_users`
--

DROP TABLE IF EXISTS `nl2_users`;
/*!40101 SET @saved_cs_client     = @@character_set_client */;
/*!40101 SET character_set_client = utf8mb4 */;
CREATE TABLE `nl2_users` (
  `id` int(11) NOT NULL AUTO_INCREMENT,
  `username` varchar(20) NOT NULL,
  `nickname` varchar(255) NOT NULL,
  `password` varchar(255) NOT NULL,
  `pass_method` varchar(12) NOT NULL DEFAULT 'default',
  `joined` int(11) NOT NULL,
  `email` varchar(64) NOT NULL,
  `isbanned` tinyint(1) NOT NULL DEFAULT 0,
  `lastip` varchar(128) DEFAULT NULL,
  `active` tinyint(1) NOT NULL DEFAULT 0,
  `signature` text DEFAULT NULL,
  `profile_views` int(11) NOT NULL DEFAULT 0,
  `reputation` int(11) NOT NULL DEFAULT 0,
  `reset_code` varchar(64) DEFAULT NULL,
  `has_avatar` tinyint(1) NOT NULL DEFAULT 0,
  `gravatar` tinyint(1) NOT NULL DEFAULT 0,
  `topic_updates` tinyint(1) NOT NULL DEFAULT 1,
  `private_profile` tinyint(1) NOT NULL DEFAULT 0,
  `last_online` int(11) DEFAULT NULL,
  `user_title` varchar(64) DEFAULT NULL,
  `theme_id` int(11) DEFAULT NULL,
  `language_id` int(11) DEFAULT NULL,
  `warning_points` int(11) NOT NULL DEFAULT 0,
  `night_mode` tinyint(1) DEFAULT NULL,
  `tfa_enabled` tinyint(1) NOT NULL DEFAULT 0,
  `tfa_type` int(10) NOT NULL DEFAULT 0,
  `tfa_secret` varchar(256) DEFAULT NULL,
  `tfa_complete` tinyint(1) NOT NULL DEFAULT 0,
  `banner` varchar(64) DEFAULT NULL,
  `timezone` varchar(32) NOT NULL DEFAULT 'Europe/London',
  `avatar_updated` int(11) DEFAULT NULL,
  `register_method` varchar(255) NOT NULL,
  `authme_sync_password` tinyint(1) NOT NULL DEFAULT 0,
  PRIMARY KEY (`id`),
  UNIQUE KEY `username` (`username`,`email`),
  KEY `id` (`id`,`last_online`),
  KEY `theme_id` (`theme_id`),
  KEY `language_id` (`language_id`),
  CONSTRAINT `nl2_users_ibfk_1` FOREIGN KEY (`theme_id`) REFERENCES `nl2_templates` (`id`) ON DELETE SET NULL,
  CONSTRAINT `nl2_users_ibfk_2` FOREIGN KEY (`language_id`) REFERENCES `nl2_languages` (`id`) ON DELETE SET NULL
) ENGINE=InnoDB AUTO_INCREMENT=2 DEFAULT CHARSET=utf8mb4 COLLATE=utf8mb4_unicode_ci;
/*!40101 SET character_set_client = @saved_cs_client */;

--
-- Dumping data for table `nl2_users`
--

LOCK TABLES `nl2_users` WRITE;
/*!40000 ALTER TABLE `nl2_users` DISABLE KEYS */;
INSERT INTO `nl2_users` VALUES
(1,'nameless','nameless','$2y$13$rowY/tIWBxYTChvNw/yEc.D3fHo33t91T7xWnGQj.1qvy0b2Q4pgG','default',1745685770,'a@gmail.com',0,'172.18.0.1',1,NULL,0,0,NULL,0,0,1,0,1745686041,NULL,NULL,6,0,NULL,0,0,NULL,0,NULL,'Asia/Seoul',NULL,'nameless',0);
/*!40000 ALTER TABLE `nl2_users` ENABLE KEYS */;
UNLOCK TABLES;

--
-- Table structure for table `nl2_users_groups`
--

DROP TABLE IF EXISTS `nl2_users_groups`;
/*!40101 SET @saved_cs_client     = @@character_set_client */;
/*!40101 SET character_set_client = utf8mb4 */;
CREATE TABLE `nl2_users_groups` (
  `id` int(11) NOT NULL AUTO_INCREMENT,
  `user_id` int(11) NOT NULL,
  `group_id` int(11) NOT NULL,
  `received` int(11) NOT NULL DEFAULT 0,
  `expire` int(11) NOT NULL DEFAULT 0,
  PRIMARY KEY (`id`),
  UNIQUE KEY `user_id` (`user_id`,`group_id`),
  KEY `group_id` (`group_id`),
  CONSTRAINT `nl2_users_groups_ibfk_1` FOREIGN KEY (`user_id`) REFERENCES `nl2_users` (`id`) ON DELETE CASCADE ON UPDATE CASCADE,
  CONSTRAINT `nl2_users_groups_ibfk_2` FOREIGN KEY (`group_id`) REFERENCES `nl2_groups` (`id`) ON DELETE CASCADE ON UPDATE CASCADE
) ENGINE=InnoDB AUTO_INCREMENT=3 DEFAULT CHARSET=utf8mb4 COLLATE=utf8mb4_unicode_ci;
/*!40101 SET character_set_client = @saved_cs_client */;

--
-- Dumping data for table `nl2_users_groups`
--

LOCK TABLES `nl2_users_groups` WRITE;
/*!40000 ALTER TABLE `nl2_users_groups` DISABLE KEYS */;
INSERT INTO `nl2_users_groups` VALUES
(1,1,4,1745685771,0),
(2,1,2,1745685771,0);
/*!40000 ALTER TABLE `nl2_users_groups` ENABLE KEYS */;
UNLOCK TABLES;

--
-- Table structure for table `nl2_users_integrations`
--

DROP TABLE IF EXISTS `nl2_users_integrations`;
/*!40101 SET @saved_cs_client     = @@character_set_client */;
/*!40101 SET character_set_client = utf8mb4 */;
CREATE TABLE `nl2_users_integrations` (
  `id` int(11) NOT NULL AUTO_INCREMENT,
  `user_id` int(11) NOT NULL,
  `integration_id` int(11) NOT NULL,
  `identifier` varchar(64) DEFAULT NULL,
  `username` varchar(32) DEFAULT NULL,
  `verified` tinyint(1) NOT NULL DEFAULT 0,
  `date` int(11) NOT NULL,
  `code` varchar(64) DEFAULT NULL,
  `show_publicly` tinyint(1) NOT NULL DEFAULT 1,
  `last_sync` int(11) NOT NULL DEFAULT 0,
  PRIMARY KEY (`id`),
  UNIQUE KEY `user_id` (`user_id`,`integration_id`),
  KEY `integration_id` (`integration_id`),
  CONSTRAINT `nl2_users_integrations_ibfk_1` FOREIGN KEY (`user_id`) REFERENCES `nl2_users` (`id`) ON DELETE CASCADE,
  CONSTRAINT `nl2_users_integrations_ibfk_2` FOREIGN KEY (`integration_id`) REFERENCES `nl2_integrations` (`id`) ON DELETE CASCADE
) ENGINE=InnoDB AUTO_INCREMENT=2 DEFAULT CHARSET=utf8mb4 COLLATE=utf8mb4_unicode_ci;
/*!40101 SET character_set_client = @saved_cs_client */;

--
-- Dumping data for table `nl2_users_integrations`
--

LOCK TABLES `nl2_users_integrations` WRITE;
/*!40000 ALTER TABLE `nl2_users_integrations` DISABLE KEYS */;
INSERT INTO `nl2_users_integrations` VALUES
(1,1,1,'5ac2f2cc913841ffa6cc2fb55ed2ce68','nameless',1,1745685771,NULL,1,0);
/*!40000 ALTER TABLE `nl2_users_integrations` ENABLE KEYS */;
UNLOCK TABLES;

--
-- Table structure for table `nl2_users_ips`
--

DROP TABLE IF EXISTS `nl2_users_ips`;
/*!40101 SET @saved_cs_client     = @@character_set_client */;
/*!40101 SET character_set_client = utf8mb4 */;
CREATE TABLE `nl2_users_ips` (
  `id` int(11) NOT NULL AUTO_INCREMENT,
  `user_id` int(11) NOT NULL,
  `ip` varchar(128) NOT NULL,
  PRIMARY KEY (`id`),
  KEY `user_id` (`user_id`),
  CONSTRAINT `nl2_users_ips_ibfk_1` FOREIGN KEY (`user_id`) REFERENCES `nl2_users` (`id`) ON DELETE CASCADE ON UPDATE CASCADE
) ENGINE=InnoDB AUTO_INCREMENT=2 DEFAULT CHARSET=utf8mb4 COLLATE=utf8mb4_unicode_ci;
/*!40101 SET character_set_client = @saved_cs_client */;

--
-- Dumping data for table `nl2_users_ips`
--

LOCK TABLES `nl2_users_ips` WRITE;
/*!40000 ALTER TABLE `nl2_users_ips` DISABLE KEYS */;
INSERT INTO `nl2_users_ips` VALUES
(1,1,'172.18.0.1');
/*!40000 ALTER TABLE `nl2_users_ips` ENABLE KEYS */;
UNLOCK TABLES;

--
-- Table structure for table `nl2_users_placeholders`
--

DROP TABLE IF EXISTS `nl2_users_placeholders`;
/*!40101 SET @saved_cs_client     = @@character_set_client */;
/*!40101 SET character_set_client = utf8mb4 */;
CREATE TABLE `nl2_users_placeholders` (
  `server_id` int(11) NOT NULL,
  `uuid` varbinary(16) NOT NULL,
  `name` varchar(186) NOT NULL,
  `value` text NOT NULL,
  `last_updated` int(11) NOT NULL,
  PRIMARY KEY (`server_id`,`uuid`,`name`),
  CONSTRAINT `nl2_users_placeholders_ibfk_1` FOREIGN KEY (`server_id`) REFERENCES `nl2_mc_servers` (`id`) ON DELETE CASCADE
) ENGINE=InnoDB DEFAULT CHARSET=utf8mb4 COLLATE=utf8mb4_unicode_ci;
/*!40101 SET character_set_client = @saved_cs_client */;

--
-- Dumping data for table `nl2_users_placeholders`
--

LOCK TABLES `nl2_users_placeholders` WRITE;
/*!40000 ALTER TABLE `nl2_users_placeholders` DISABLE KEYS */;
/*!40000 ALTER TABLE `nl2_users_placeholders` ENABLE KEYS */;
UNLOCK TABLES;

--
-- Table structure for table `nl2_users_profile_fields`
--

DROP TABLE IF EXISTS `nl2_users_profile_fields`;
/*!40101 SET @saved_cs_client     = @@character_set_client */;
/*!40101 SET character_set_client = utf8mb4 */;
CREATE TABLE `nl2_users_profile_fields` (
  `id` int(11) NOT NULL AUTO_INCREMENT,
  `user_id` int(11) NOT NULL,
  `field_id` int(11) NOT NULL,
  `value` text NOT NULL,
  `updated` int(11) NOT NULL,
  PRIMARY KEY (`id`),
  KEY `user_id` (`user_id`),
  KEY `field_id` (`field_id`),
  CONSTRAINT `nl2_users_profile_fields_ibfk_1` FOREIGN KEY (`user_id`) REFERENCES `nl2_users` (`id`) ON DELETE CASCADE ON UPDATE CASCADE,
  CONSTRAINT `nl2_users_profile_fields_ibfk_2` FOREIGN KEY (`field_id`) REFERENCES `nl2_profile_fields` (`id`) ON DELETE CASCADE ON UPDATE CASCADE
) ENGINE=InnoDB DEFAULT CHARSET=utf8mb4 COLLATE=utf8mb4_unicode_ci;
/*!40101 SET character_set_client = @saved_cs_client */;

--
-- Dumping data for table `nl2_users_profile_fields`
--

LOCK TABLES `nl2_users_profile_fields` WRITE;
/*!40000 ALTER TABLE `nl2_users_profile_fields` DISABLE KEYS */;
/*!40000 ALTER TABLE `nl2_users_profile_fields` ENABLE KEYS */;
UNLOCK TABLES;

--
-- Table structure for table `nl2_users_session`
--

DROP TABLE IF EXISTS `nl2_users_session`;
/*!40101 SET @saved_cs_client     = @@character_set_client */;
/*!40101 SET character_set_client = utf8mb4 */;
CREATE TABLE `nl2_users_session` (
  `id` int(11) NOT NULL AUTO_INCREMENT,
  `user_id` int(11) NOT NULL,
  `hash` varchar(64) NOT NULL,
  `remember_me` tinyint(1) NOT NULL DEFAULT 0,
  `active` tinyint(1) NOT NULL DEFAULT 0,
  `device_name` varchar(256) DEFAULT NULL,
  `last_seen` int(11) DEFAULT NULL,
  `login_method` varchar(32) NOT NULL,
  PRIMARY KEY (`id`),
  UNIQUE KEY `hash` (`hash`),
  KEY `user_id` (`user_id`),
  CONSTRAINT `nl2_users_session_ibfk_1` FOREIGN KEY (`user_id`) REFERENCES `nl2_users` (`id`) ON DELETE CASCADE ON UPDATE CASCADE
) ENGINE=InnoDB AUTO_INCREMENT=3 DEFAULT CHARSET=utf8mb4 COLLATE=utf8mb4_unicode_ci;
/*!40101 SET character_set_client = @saved_cs_client */;

--
-- Dumping data for table `nl2_users_session`
--

LOCK TABLES `nl2_users_session` WRITE;
/*!40000 ALTER TABLE `nl2_users_session` DISABLE KEYS */;
INSERT INTO `nl2_users_session` VALUES
(1,1,'TFoPHlmyRDoxEDeHaWLqf4xPx5NddU4AwV9d8qIZg',1,1,NULL,NULL,'email'),
(2,1,'CWWzcYZv6VhfHotdTyfhnSh6uEmwQbq3MwbCNOBQaY',1,1,NULL,NULL,'admin');
/*!40000 ALTER TABLE `nl2_users_session` ENABLE KEYS */;
UNLOCK TABLES;

--
-- Table structure for table `nl2_users_username_history`
--

DROP TABLE IF EXISTS `nl2_users_username_history`;
/*!40101 SET @saved_cs_client     = @@character_set_client */;
/*!40101 SET character_set_client = utf8mb4 */;
CREATE TABLE `nl2_users_username_history` (
  `id` int(11) NOT NULL AUTO_INCREMENT,
  `user_id` int(11) NOT NULL,
  `changed_to` varchar(64) NOT NULL,
  `changed_at` int(11) NOT NULL,
  `original` tinyint(1) NOT NULL DEFAULT 0,
  PRIMARY KEY (`id`),
  KEY `user_id` (`user_id`),
  CONSTRAINT `nl2_users_username_history_ibfk_1` FOREIGN KEY (`user_id`) REFERENCES `nl2_users` (`id`) ON DELETE CASCADE
) ENGINE=InnoDB DEFAULT CHARSET=utf8mb4 COLLATE=utf8mb4_unicode_ci;
/*!40101 SET character_set_client = @saved_cs_client */;

--
-- Dumping data for table `nl2_users_username_history`
--

LOCK TABLES `nl2_users_username_history` WRITE;
/*!40000 ALTER TABLE `nl2_users_username_history` DISABLE KEYS */;
/*!40000 ALTER TABLE `nl2_users_username_history` ENABLE KEYS */;
UNLOCK TABLES;

--
-- Table structure for table `nl2_uuid_cache`
--

DROP TABLE IF EXISTS `nl2_uuid_cache`;
/*!40101 SET @saved_cs_client     = @@character_set_client */;
/*!40101 SET character_set_client = utf8mb4 */;
CREATE TABLE `nl2_uuid_cache` (
  `id` int(11) NOT NULL AUTO_INCREMENT,
  `mcname` varchar(20) NOT NULL,
  `uuid` varchar(64) NOT NULL,
  PRIMARY KEY (`id`)
) ENGINE=InnoDB DEFAULT CHARSET=utf8mb4 COLLATE=utf8mb4_unicode_ci;
/*!40101 SET character_set_client = @saved_cs_client */;

--
-- Dumping data for table `nl2_uuid_cache`
--

LOCK TABLES `nl2_uuid_cache` WRITE;
/*!40000 ALTER TABLE `nl2_uuid_cache` DISABLE KEYS */;
/*!40000 ALTER TABLE `nl2_uuid_cache` ENABLE KEYS */;
UNLOCK TABLES;

--
-- Table structure for table `nl2_widgets`
--

DROP TABLE IF EXISTS `nl2_widgets`;
/*!40101 SET @saved_cs_client     = @@character_set_client */;
/*!40101 SET character_set_client = utf8mb4 */;
CREATE TABLE `nl2_widgets` (
  `id` int(11) NOT NULL AUTO_INCREMENT,
  `name` varchar(20) NOT NULL,
  `enabled` tinyint(1) NOT NULL DEFAULT 0,
  `pages` text NOT NULL,
  `order` int(11) NOT NULL DEFAULT 10,
  `location` varchar(5) NOT NULL DEFAULT 'right',
  PRIMARY KEY (`id`)
) ENGINE=InnoDB AUTO_INCREMENT=4 DEFAULT CHARSET=utf8mb4 COLLATE=utf8mb4_unicode_ci;
/*!40101 SET character_set_client = @saved_cs_client */;

--
-- Dumping data for table `nl2_widgets`
--

LOCK TABLES `nl2_widgets` WRITE;
/*!40000 ALTER TABLE `nl2_widgets` DISABLE KEYS */;
INSERT INTO `nl2_widgets` VALUES
(1,'Online Staff',1,'[\"index\",\"forum\"]',10,'right'),
(2,'Online Users',1,'[\"index\",\"forum\"]',10,'right'),
(3,'Statistics',1,'[\"index\",\"forum\"]',10,'right');
/*!40000 ALTER TABLE `nl2_widgets` ENABLE KEYS */;
UNLOCK TABLES;

--
-- Dumping routines for database 'nameless'
--
/*!40103 SET TIME_ZONE=@OLD_TIME_ZONE */;

/*!40101 SET SQL_MODE=@OLD_SQL_MODE */;
/*!40014 SET FOREIGN_KEY_CHECKS=@OLD_FOREIGN_KEY_CHECKS */;
/*!40014 SET UNIQUE_CHECKS=@OLD_UNIQUE_CHECKS */;
/*!40101 SET CHARACTER_SET_CLIENT=@OLD_CHARACTER_SET_CLIENT */;
/*!40101 SET CHARACTER_SET_RESULTS=@OLD_CHARACTER_SET_RESULTS */;
/*!40101 SET COLLATION_CONNECTION=@OLD_COLLATION_CONNECTION */;
/*M!100616 SET NOTE_VERBOSITY=@OLD_NOTE_VERBOSITY */;

-- Dump completed on 2025-04-27  1:47:23
